variant,benchmark,input_value,input_metric,phase,time_lo_s,time_mid_s,time_hi_s,units
32-reg,collatz,1,n,decode,0.218000,0.228000,0.245000,s
32-reg,collatz,1,n,trace,0.065000,0.072000,0.074000,s
32-reg,collatz,1,n,preprocess,2.501000,2.599000,2.809000,s
32-reg,collatz,1,n,prove,0.613000,0.617000,0.622000,s
32-reg,collatz,1,n,verify,0.052000,0.054000,0.055000,s
32-reg,collatz,2,n,decode,0.222000,0.226000,0.239000,s
32-reg,collatz,2,n,trace,0.071000,0.072000,0.073000,s
32-reg,collatz,2,n,preprocess,2.536000,2.583000,2.674000,s
32-reg,collatz,2,n,prove,0.626000,0.635000,0.640000,s
32-reg,collatz,2,n,verify,0.053000,0.054000,0.057000,s
32-reg,collatz,3,n,decode,0.217000,0.223000,0.228000,s
32-reg,collatz,3,n,trace,0.072000,0.072000,0.073000,s
32-reg,collatz,3,n,preprocess,2.527000,2.574000,2.633000,s
32-reg,collatz,3,n,prove,0.634000,0.637000,0.649000,s
32-reg,collatz,3,n,verify,0.052000,0.054000,0.056000,s
32-reg,collatz,4,n,decode,0.222000,0.225000,0.242000,s
32-reg,collatz,4,n,trace,0.072000,0.073000,0.074000,s
32-reg,collatz,4,n,preprocess,2.578000,2.632000,2.705000,s
32-reg,collatz,4,n,prove,0.630000,0.638000,0.645000,s
32-reg,collatz,4,n,verify,0.052000,0.054000,0.056000,s
32-reg,collatz,5,n,decode,0.220000,0.227000,0.230000,s
32-reg,collatz,5,n,trace,0.072000,0.074000,0.074000,s
32-reg,collatz,5,n,preprocess,2.562000,2.624000,2.791000,s
32-reg,collatz,5,n,prove,0.636000,0.642000,0.648000,s
32-reg,collatz,5,n,verify,0.053000,0.054000,0.056000,s
32-reg,collatz,6,n,decode,0.220000,0.226000,0.229000,s
32-reg,collatz,6,n,trace,0.072000,0.073000,0.074000,s
32-reg,collatz,6,n,preprocess,2.545000,2.597000,2.706000,s
32-reg,collatz,6,n,prove,0.659000,0.667000,0.678000,s
32-reg,collatz,6,n,verify,0.052000,0.054000,0.056000,s
32-reg,collatz,7,n,decode,0.218000,0.221000,0.236000,s
32-reg,collatz,7,n,trace,0.073000,0.073000,0.075000,s
32-reg,collatz,7,n,preprocess,2.518000,2.548000,2.722000,s
32-reg,collatz,7,n,prove,0.664000,0.669000,0.678000,s
32-reg,collatz,7,n,verify,0.052000,0.054000,0.056000,s
32-reg,collatz,8,n,decode,0.213000,0.221000,0.226000,s
32-reg,collatz,8,n,trace,0.072000,0.073000,0.074000,s
32-reg,collatz,8,n,preprocess,2.487000,2.575000,2.668000,s
32-reg,collatz,8,n,prove,0.630000,0.636000,0.644000,s
32-reg,collatz,8,n,verify,0.052000,0.053000,0.055000,s
32-reg,collatz,9,n,decode,0.216000,0.222000,0.225000,s
32-reg,collatz,9,n,trace,0.073000,0.074000,0.075000,s
32-reg,collatz,9,n,preprocess,2.506000,2.551000,2.586000,s
32-reg,collatz,9,n,prove,0.668000,0.670000,0.680000,s
32-reg,collatz,9,n,verify,0.052000,0.055000,0.056000,s
32-reg,collatz,10,n,decode,0.215000,0.220000,0.225000,s
32-reg,collatz,10,n,trace,0.073000,0.073000,0.076000,s
32-reg,collatz,10,n,preprocess,2.449000,2.543000,2.661000,s
32-reg,collatz,10,n,prove,0.631000,0.639000,0.649000,s
32-reg,collatz,10,n,verify,0.052000,0.054000,0.055000,s
32-reg,collatz,11,n,decode,0.216000,0.220000,0.223000,s
32-reg,collatz,11,n,trace,0.073000,0.074000,0.075000,s
32-reg,collatz,11,n,preprocess,2.501000,2.552000,2.641000,s
32-reg,collatz,11,n,prove,0.662000,0.669000,0.674000,s
32-reg,collatz,11,n,verify,0.053000,0.055000,0.056000,s
32-reg,collatz,12,n,decode,0.215000,0.221000,0.223000,s
32-reg,collatz,12,n,trace,0.074000,0.074000,0.076000,s
32-reg,collatz,12,n,preprocess,2.499000,2.526000,2.720000,s
32-reg,collatz,12,n,prove,0.660000,0.667000,0.674000,s
32-reg,collatz,12,n,verify,0.052000,0.054000,0.056000,s
32-reg,collatz,13,n,decode,0.218000,0.221000,0.238000,s
32-reg,collatz,13,n,trace,0.073000,0.075000,0.077000,s
32-reg,collatz,13,n,preprocess,2.511000,2.556000,2.686000,s
32-reg,collatz,13,n,prove,0.655000,0.662000,0.670000,s
32-reg,collatz,13,n,verify,0.052000,0.054000,0.056000,s
32-reg,collatz,14,n,decode,0.220000,0.221000,0.225000,s
32-reg,collatz,14,n,trace,0.074000,0.074000,0.075000,s
32-reg,collatz,14,n,preprocess,2.529000,2.580000,2.620000,s
32-reg,collatz,14,n,prove,0.660000,0.668000,0.679000,s
32-reg,collatz,14,n,verify,0.053000,0.054000,0.056000,s
32-reg,collatz,15,n,decode,0.219000,0.222000,0.225000,s
32-reg,collatz,15,n,trace,0.074000,0.074000,0.076000,s
32-reg,collatz,15,n,preprocess,2.550000,2.581000,2.640000,s
32-reg,collatz,15,n,prove,0.664000,0.671000,0.679000,s
32-reg,collatz,15,n,verify,0.053000,0.054000,0.056000,s
32-reg,collatz,16,n,decode,0.217000,0.223000,0.229000,s
32-reg,collatz,16,n,trace,0.074000,0.074000,0.075000,s
32-reg,collatz,16,n,preprocess,2.548000,2.586000,2.682000,s
32-reg,collatz,16,n,prove,0.629000,0.635000,0.642000,s
32-reg,collatz,16,n,verify,0.053000,0.055000,0.057000,s
32-reg,collatz,17,n,decode,0.220000,0.224000,0.235000,s
32-reg,collatz,17,n,trace,0.073000,0.074000,0.075000,s
32-reg,collatz,17,n,preprocess,2.535000,2.600000,2.664000,s
32-reg,collatz,17,n,prove,0.662000,0.668000,0.687000,s
32-reg,collatz,17,n,verify,0.053000,0.054000,0.057000,s
32-reg,collatz,18,n,decode,0.216000,0.222000,0.237000,s
32-reg,collatz,18,n,trace,0.073000,0.074000,0.075000,s
32-reg,collatz,18,n,preprocess,2.517000,2.567000,2.714000,s
32-reg,collatz,18,n,prove,0.698000,0.702000,0.710000,s
32-reg,collatz,18,n,verify,0.053000,0.055000,0.057000,s
32-reg,collatz,19,n,decode,0.218000,0.225000,0.234000,s
32-reg,collatz,19,n,trace,0.073000,0.074000,0.077000,s
32-reg,collatz,19,n,preprocess,2.559000,2.606000,2.661000,s
32-reg,collatz,19,n,prove,0.704000,0.710000,0.714000,s
32-reg,collatz,19,n,verify,0.054000,0.056000,0.058000,s
32-reg,collatz,20,n,decode,0.217000,0.222000,0.224000,s
32-reg,collatz,20,n,trace,0.074000,0.075000,0.076000,s
32-reg,collatz,20,n,preprocess,2.512000,2.589000,2.740000,s
32-reg,collatz,20,n,prove,0.632000,0.639000,0.642000,s
32-reg,collatz,20,n,verify,0.052000,0.054000,0.057000,s
32-reg,collatz,21,n,decode,0.219000,0.223000,0.225000,s
32-reg,collatz,21,n,trace,0.074000,0.075000,0.076000,s
32-reg,collatz,21,n,preprocess,2.552000,2.600000,2.730000,s
32-reg,collatz,21,n,prove,0.635000,0.640000,0.649000,s
32-reg,collatz,21,n,verify,0.053000,0.055000,0.057000,s
32-reg,collatz,22,n,decode,0.208000,0.220000,0.224000,s
32-reg,collatz,22,n,trace,0.072000,0.074000,0.076000,s
32-reg,collatz,22,n,preprocess,2.352000,2.519000,2.681000,s
32-reg,collatz,22,n,prove,0.661000,0.668000,0.678000,s
32-reg,collatz,22,n,verify,0.053000,0.054000,0.056000,s
32-reg,collatz,23,n,decode,0.195000,0.198000,0.207000,s
32-reg,collatz,23,n,trace,0.069000,0.071000,0.072000,s
32-reg,collatz,23,n,preprocess,2.164000,2.177000,2.361000,s
32-reg,collatz,23,n,prove,0.614000,0.616000,0.666000,s
32-reg,collatz,23,n,verify,0.050000,0.051000,0.054000,s
32-reg,collatz,24,n,decode,0.195000,0.197000,0.209000,s
32-reg,collatz,24,n,trace,0.069000,0.070000,0.071000,s
32-reg,collatz,24,n,preprocess,2.146000,2.191000,2.286000,s
32-reg,collatz,24,n,prove,0.608000,0.613000,0.616000,s
32-reg,collatz,24,n,verify,0.049000,0.050000,0.052000,s
32-reg,collatz,25,n,decode,0.193000,0.196000,0.199000,s
32-reg,collatz,25,n,trace,0.069000,0.069000,0.071000,s
32-reg,collatz,25,n,preprocess,2.164000,2.187000,2.303000,s
32-reg,collatz,25,n,prove,0.642000,0.647000,0.655000,s
32-reg,collatz,25,n,verify,0.049000,0.051000,0.052000,s
32-reg,collatz,26,n,decode,0.194000,0.197000,0.198000,s
32-reg,collatz,26,n,trace,0.069000,0.070000,0.070000,s
32-reg,collatz,26,n,preprocess,2.155000,2.181000,2.237000,s
32-reg,collatz,26,n,prove,0.609000,0.611000,0.617000,s
32-reg,collatz,26,n,verify,0.049000,0.051000,0.052000,s
32-reg,collatz,27,n,decode,0.194000,0.195000,0.197000,s
32-reg,collatz,27,n,trace,0.070000,0.071000,0.073000,s
32-reg,collatz,27,n,preprocess,2.157000,2.186000,2.244000,s
32-reg,collatz,27,n,prove,0.855000,0.868000,0.891000,s
32-reg,collatz,27,n,verify,0.051000,0.052000,0.053000,s
32-reg,collatz,28,n,decode,0.195000,0.197000,0.199000,s
32-reg,collatz,28,n,trace,0.069000,0.069000,0.071000,s
32-reg,collatz,28,n,preprocess,2.156000,2.215000,2.296000,s
32-reg,collatz,28,n,prove,0.614000,0.617000,0.621000,s
32-reg,collatz,28,n,verify,0.050000,0.051000,0.051000,s
32-reg,collatz,29,n,decode,0.194000,0.195000,0.197000,s
32-reg,collatz,29,n,trace,0.068000,0.069000,0.071000,s
32-reg,collatz,29,n,preprocess,2.158000,2.183000,2.306000,s
32-reg,collatz,29,n,prove,0.611000,0.616000,0.618000,s
32-reg,collatz,29,n,verify,0.050000,0.051000,0.052000,s
32-reg,collatz,30,n,decode,0.195000,0.196000,0.207000,s
32-reg,collatz,30,n,trace,0.068000,0.069000,0.070000,s
32-reg,collatz,30,n,preprocess,2.156000,2.171000,2.194000,s
32-reg,collatz,30,n,prove,0.610000,0.616000,0.620000,s
32-reg,collatz,30,n,verify,0.050000,0.051000,0.052000,s
32-reg,collatz,31,n,decode,0.193000,0.194000,0.205000,s
32-reg,collatz,31,n,trace,0.070000,0.071000,0.072000,s
32-reg,collatz,31,n,preprocess,2.157000,2.174000,2.288000,s
32-reg,collatz,31,n,prove,0.857000,0.878000,0.887000,s
32-reg,collatz,31,n,verify,0.050000,0.052000,0.054000,s
32-reg,collatz,32,n,decode,0.195000,0.197000,0.198000,s
32-reg,collatz,32,n,trace,0.068000,0.068000,0.070000,s
32-reg,collatz,32,n,preprocess,2.152000,2.165000,2.254000,s
32-reg,collatz,32,n,prove,0.579000,0.584000,0.588000,s
32-reg,collatz,32,n,verify,0.049000,0.051000,0.051000,s
32-reg,collatz,33,n,decode,0.196000,0.197000,0.200000,s
32-reg,collatz,33,n,trace,0.069000,0.070000,0.070000,s
32-reg,collatz,33,n,preprocess,2.155000,2.172000,2.291000,s
32-reg,collatz,33,n,prove,0.652000,0.655000,0.659000,s
32-reg,collatz,33,n,verify,0.049000,0.050000,0.052000,s
32-reg,collatz,34,n,decode,0.195000,0.197000,0.199000,s
32-reg,collatz,34,n,trace,0.069000,0.070000,0.071000,s
32-reg,collatz,34,n,preprocess,2.158000,2.193000,2.229000,s
32-reg,collatz,34,n,prove,0.610000,0.614000,0.618000,s
32-reg,collatz,34,n,verify,0.049000,0.051000,0.052000,s
32-reg,collatz,35,n,decode,0.195000,0.196000,0.199000,s
32-reg,collatz,35,n,trace,0.070000,0.071000,0.072000,s
32-reg,collatz,35,n,preprocess,2.161000,2.176000,2.293000,s
32-reg,collatz,35,n,prove,0.608000,0.613000,0.621000,s
32-reg,collatz,35,n,verify,0.050000,0.051000,0.052000,s
32-reg,collatz,36,n,decode,0.193000,0.194000,0.197000,s
32-reg,collatz,36,n,trace,0.070000,0.070000,0.071000,s
32-reg,collatz,36,n,preprocess,2.157000,2.200000,2.296000,s
32-reg,collatz,36,n,prove,0.645000,0.646000,0.649000,s
32-reg,collatz,36,n,verify,0.049000,0.051000,0.053000,s
32-reg,collatz,37,n,decode,0.193000,0.195000,0.205000,s
32-reg,collatz,37,n,trace,0.059000,0.071000,0.071000,s
32-reg,collatz,37,n,preprocess,2.160000,2.172000,2.293000,s
32-reg,collatz,37,n,prove,0.644000,0.649000,0.656000,s
32-reg,collatz,37,n,verify,0.050000,0.051000,0.052000,s
32-reg,collatz,38,n,decode,0.193000,0.196000,0.199000,s
32-reg,collatz,38,n,trace,0.070000,0.071000,0.072000,s
32-reg,collatz,38,n,preprocess,2.155000,2.168000,2.293000,s
32-reg,collatz,38,n,prove,0.649000,0.652000,0.659000,s
32-reg,collatz,38,n,verify,0.049000,0.051000,0.052000,s
32-reg,collatz,39,n,decode,0.193000,0.194000,0.215000,s
32-reg,collatz,39,n,trace,0.070000,0.070000,0.072000,s
32-reg,collatz,39,n,preprocess,2.159000,2.165000,2.238000,s
32-reg,collatz,39,n,prove,0.652000,0.656000,0.661000,s
32-reg,collatz,39,n,verify,0.051000,0.051000,0.053000,s
32-reg,collatz,40,n,decode,0.195000,0.196000,0.198000,s
32-reg,collatz,40,n,trace,0.070000,0.070000,0.071000,s
32-reg,collatz,40,n,preprocess,2.157000,2.161000,2.200000,s
32-reg,collatz,40,n,prove,0.606000,0.613000,0.621000,s
32-reg,collatz,40,n,verify,0.050000,0.051000,0.052000,s
32-reg,collatz,41,n,decode,0.194000,0.196000,0.197000,s
32-reg,collatz,41,n,trace,0.072000,0.072000,0.073000,s
32-reg,collatz,41,n,preprocess,2.153000,2.164000,2.228000,s
32-reg,collatz,41,n,prove,0.863000,0.887000,0.892000,s
32-reg,collatz,41,n,verify,0.051000,0.052000,0.054000,s
32-reg,collatz,42,n,decode,0.195000,0.196000,0.198000,s
32-reg,collatz,42,n,trace,0.069000,0.069000,0.070000,s
32-reg,collatz,42,n,preprocess,2.156000,2.177000,2.229000,s
32-reg,collatz,42,n,prove,0.607000,0.613000,0.617000,s
32-reg,collatz,42,n,verify,0.051000,0.051000,0.052000,s
32-reg,collatz,43,n,decode,0.192000,0.194000,0.206000,s
32-reg,collatz,43,n,trace,0.069000,0.070000,0.072000,s
32-reg,collatz,43,n,preprocess,2.159000,2.168000,2.286000,s
32-reg,collatz,43,n,prove,0.652000,0.653000,0.657000,s
32-reg,collatz,43,n,verify,0.050000,0.051000,0.052000,s
32-reg,collatz,44,n,decode,0.193000,0.195000,0.198000,s
32-reg,collatz,44,n,trace,0.069000,0.070000,0.071000,s
32-reg,collatz,44,n,preprocess,2.157000,2.176000,2.276000,s
32-reg,collatz,44,n,prove,0.612000,0.617000,0.620000,s
32-reg,collatz,44,n,verify,0.050000,0.051000,0.052000,s
32-reg,collatz,45,n,decode,0.193000,0.196000,0.196000,s
32-reg,collatz,45,n,trace,0.070000,0.070000,0.071000,s
32-reg,collatz,45,n,preprocess,2.161000,2.190000,2.312000,s
32-reg,collatz,45,n,prove,0.613000,0.617000,0.620000,s
32-reg,collatz,45,n,verify,0.051000,0.051000,0.052000,s
32-reg,collatz,46,n,decode,0.193000,0.195000,0.197000,s
32-reg,collatz,46,n,trace,0.069000,0.070000,0.071000,s
32-reg,collatz,46,n,preprocess,2.162000,2.189000,2.287000,s
32-reg,collatz,46,n,prove,0.615000,0.616000,0.621000,s
32-reg,collatz,46,n,verify,0.050000,0.052000,0.052000,s
32-reg,collatz,47,n,decode,0.193000,0.195000,0.197000,s
32-reg,collatz,47,n,trace,0.071000,0.072000,0.073000,s
32-reg,collatz,47,n,preprocess,2.159000,2.175000,2.190000,s
32-reg,collatz,47,n,prove,0.856000,0.881000,0.885000,s
32-reg,collatz,47,n,verify,0.052000,0.053000,0.053000,s
32-reg,collatz,48,n,decode,0.195000,0.197000,0.199000,s
32-reg,collatz,48,n,trace,0.070000,0.070000,0.072000,s
32-reg,collatz,48,n,preprocess,2.167000,2.190000,2.290000,s
32-reg,collatz,48,n,prove,0.610000,0.615000,0.618000,s
32-reg,collatz,48,n,verify,0.051000,0.052000,0.052000,s
32-reg,collatz,49,n,decode,0.192000,0.195000,0.207000,s
32-reg,collatz,49,n,trace,0.070000,0.070000,0.071000,s
32-reg,collatz,49,n,preprocess,2.159000,2.208000,2.340000,s
32-reg,collatz,49,n,prove,0.647000,0.651000,0.654000,s
32-reg,collatz,49,n,verify,0.050000,0.051000,0.053000,s
32-reg,collatz,50,n,decode,0.193000,0.194000,0.206000,s
32-reg,collatz,50,n,trace,0.070000,0.071000,0.072000,s
32-reg,collatz,50,n,preprocess,2.160000,2.190000,2.291000,s
32-reg,collatz,50,n,prove,0.648000,0.651000,0.654000,s
32-reg,collatz,50,n,verify,0.051000,0.052000,0.053000,s
32-reg,collatz,52,n,decode,0.194000,0.196000,0.197000,s
32-reg,collatz,52,n,trace,0.070000,0.071000,0.072000,s
32-reg,collatz,52,n,preprocess,2.161000,2.173000,2.294000,s
32-reg,collatz,52,n,prove,0.612000,0.616000,0.618000,s
32-reg,collatz,52,n,verify,0.051000,0.052000,0.052000,s
32-reg,collatz,54,n,decode,0.193000,0.194000,0.196000,s
32-reg,collatz,54,n,trace,0.072000,0.072000,0.074000,s
32-reg,collatz,54,n,preprocess,2.159000,2.198000,2.326000,s
32-reg,collatz,54,n,prove,0.862000,0.866000,0.891000,s
32-reg,collatz,54,n,verify,0.052000,0.053000,0.054000,s
32-reg,collatz,56,n,decode,0.194000,0.196000,0.199000,s
32-reg,collatz,56,n,trace,0.070000,0.071000,0.072000,s
32-reg,collatz,56,n,preprocess,2.159000,2.188000,2.306000,s
32-reg,collatz,56,n,prove,0.615000,0.619000,0.625000,s
32-reg,collatz,56,n,verify,0.051000,0.051000,0.052000,s
32-reg,collatz,58,n,decode,0.194000,0.196000,0.199000,s
32-reg,collatz,58,n,trace,0.070000,0.071000,0.072000,s
32-reg,collatz,58,n,preprocess,2.158000,2.165000,2.316000,s
32-reg,collatz,58,n,prove,0.616000,0.620000,0.624000,s
32-reg,collatz,58,n,verify,0.050000,0.051000,0.052000,s
32-reg,collatz,60,n,decode,0.193000,0.197000,0.197000,s
32-reg,collatz,60,n,trace,0.070000,0.071000,0.072000,s
32-reg,collatz,60,n,preprocess,2.159000,2.166000,2.291000,s
32-reg,collatz,60,n,prove,0.614000,0.617000,0.622000,s
32-reg,collatz,60,n,verify,0.051000,0.052000,0.053000,s
32-reg,collatz,62,n,decode,0.194000,0.195000,0.208000,s
32-reg,collatz,62,n,trace,0.072000,0.072000,0.073000,s
32-reg,collatz,62,n,preprocess,2.158000,2.187000,2.225000,s
32-reg,collatz,62,n,prove,0.858000,0.877000,0.890000,s
32-reg,collatz,62,n,verify,0.052000,0.053000,0.054000,s
32-reg,collatz,64,n,decode,0.193000,0.195000,0.198000,s
32-reg,collatz,64,n,trace,0.070000,0.070000,0.073000,s
32-reg,collatz,64,n,preprocess,2.155000,2.170000,2.289000,s
32-reg,collatz,64,n,prove,0.586000,0.589000,0.597000,s
32-reg,collatz,64,n,verify,0.051000,0.052000,0.053000,s
32-reg,collatz,66,n,decode,0.193000,0.195000,0.196000,s
32-reg,collatz,66,n,trace,0.069000,0.070000,0.071000,s
32-reg,collatz,66,n,preprocess,2.159000,2.161000,2.195000,s
32-reg,collatz,66,n,prove,0.648000,0.653000,0.659000,s
32-reg,collatz,66,n,verify,0.051000,0.052000,0.053000,s
32-reg,collatz,68,n,decode,0.194000,0.196000,0.201000,s
32-reg,collatz,68,n,trace,0.070000,0.070000,0.071000,s
32-reg,collatz,68,n,preprocess,2.164000,2.188000,2.261000,s
32-reg,collatz,68,n,prove,0.613000,0.616000,0.621000,s
32-reg,collatz,68,n,verify,0.051000,0.051000,0.053000,s
32-reg,collatz,70,n,decode,0.193000,0.195000,0.197000,s
32-reg,collatz,70,n,trace,0.070000,0.071000,0.071000,s
32-reg,collatz,70,n,preprocess,2.157000,2.175000,2.297000,s
32-reg,collatz,70,n,prove,0.614000,0.616000,0.619000,s
32-reg,collatz,70,n,verify,0.050000,0.052000,0.053000,s
32-reg,collatz,72,n,decode,0.192000,0.195000,0.196000,s
32-reg,collatz,72,n,trace,0.070000,0.070000,0.071000,s
32-reg,collatz,72,n,preprocess,2.154000,2.160000,2.200000,s
32-reg,collatz,72,n,prove,0.646000,0.649000,0.654000,s
32-reg,collatz,72,n,verify,0.051000,0.052000,0.053000,s
32-reg,collatz,74,n,decode,0.193000,0.195000,0.207000,s
32-reg,collatz,74,n,trace,0.070000,0.070000,0.071000,s
32-reg,collatz,74,n,preprocess,2.165000,2.177000,2.292000,s
32-reg,collatz,74,n,prove,0.644000,0.648000,0.651000,s
32-reg,collatz,74,n,verify,0.050000,0.052000,0.053000,s
32-reg,collatz,76,n,decode,0.193000,0.194000,0.197000,s
32-reg,collatz,76,n,trace,0.070000,0.070000,0.071000,s
32-reg,collatz,76,n,preprocess,2.157000,2.170000,2.289000,s
32-reg,collatz,76,n,prove,0.647000,0.649000,0.654000,s
32-reg,collatz,76,n,verify,0.051000,0.052000,0.053000,s
32-reg,collatz,78,n,decode,0.192000,0.194000,0.196000,s
32-reg,collatz,78,n,trace,0.069000,0.070000,0.071000,s
32-reg,collatz,78,n,preprocess,2.157000,2.166000,2.318000,s
32-reg,collatz,78,n,prove,0.654000,0.657000,0.663000,s
32-reg,collatz,78,n,verify,0.051000,0.052000,0.053000,s
32-reg,collatz,80,n,decode,0.192000,0.195000,0.197000,s
32-reg,collatz,80,n,trace,0.070000,0.070000,0.071000,s
32-reg,collatz,80,n,preprocess,2.163000,2.206000,2.296000,s
32-reg,collatz,80,n,prove,0.608000,0.614000,0.617000,s
32-reg,collatz,80,n,verify,0.051000,0.052000,0.054000,s
32-reg,collatz,82,n,decode,0.193000,0.195000,0.197000,s
32-reg,collatz,82,n,trace,0.071000,0.073000,0.073000,s
32-reg,collatz,82,n,preprocess,2.152000,2.185000,2.322000,s
32-reg,collatz,82,n,prove,0.860000,0.865000,0.892000,s
32-reg,collatz,82,n,verify,0.052000,0.053000,0.054000,s
32-reg,collatz,84,n,decode,0.193000,0.196000,0.198000,s
32-reg,collatz,84,n,trace,0.069000,0.070000,0.071000,s
32-reg,collatz,84,n,preprocess,2.163000,2.193000,2.294000,s
32-reg,collatz,84,n,prove,0.611000,0.615000,0.618000,s
32-reg,collatz,84,n,verify,0.051000,0.052000,0.052000,s
32-reg,collatz,86,n,decode,0.193000,0.195000,0.204000,s
32-reg,collatz,86,n,trace,0.069000,0.070000,0.071000,s
32-reg,collatz,86,n,preprocess,2.158000,2.185000,2.299000,s
32-reg,collatz,86,n,prove,0.648000,0.654000,0.685000,s
32-reg,collatz,86,n,verify,0.052000,0.052000,0.053000,s
32-reg,collatz,88,n,decode,0.193000,0.195000,0.197000,s
32-reg,collatz,88,n,trace,0.070000,0.070000,0.071000,s
32-reg,collatz,88,n,preprocess,2.158000,2.198000,2.267000,s
32-reg,collatz,88,n,prove,0.613000,0.618000,0.625000,s
32-reg,collatz,88,n,verify,0.051000,0.052000,0.052000,s
32-reg,collatz,90,n,decode,0.192000,0.194000,0.197000,s
32-reg,collatz,90,n,trace,0.070000,0.070000,0.072000,s
32-reg,collatz,90,n,preprocess,2.156000,2.168000,2.290000,s
32-reg,collatz,90,n,prove,0.613000,0.617000,0.621000,s
32-reg,collatz,90,n,verify,0.051000,0.052000,0.053000,s
32-reg,collatz,92,n,decode,0.192000,0.195000,0.196000,s
32-reg,collatz,92,n,trace,0.070000,0.070000,0.071000,s
32-reg,collatz,92,n,preprocess,2.158000,2.169000,2.287000,s
32-reg,collatz,92,n,prove,0.616000,0.618000,0.623000,s
32-reg,collatz,92,n,verify,0.051000,0.052000,0.054000,s
32-reg,collatz,94,n,decode,0.194000,0.195000,0.196000,s
32-reg,collatz,94,n,trace,0.071000,0.072000,0.074000,s
32-reg,collatz,94,n,preprocess,2.161000,2.186000,2.271000,s
32-reg,collatz,94,n,prove,0.861000,0.884000,0.892000,s
32-reg,collatz,94,n,verify,0.052000,0.053000,0.054000,s
32-reg,collatz,96,n,decode,0.193000,0.195000,0.197000,s
32-reg,collatz,96,n,trace,0.070000,0.070000,0.071000,s
32-reg,collatz,96,n,preprocess,2.157000,2.192000,2.319000,s
32-reg,collatz,96,n,prove,0.614000,0.617000,0.619000,s
32-reg,collatz,96,n,verify,0.051000,0.052000,0.052000,s
32-reg,collatz,98,n,decode,0.194000,0.195000,0.209000,s
32-reg,collatz,98,n,trace,0.070000,0.070000,0.071000,s
32-reg,collatz,98,n,preprocess,2.157000,2.173000,2.242000,s
32-reg,collatz,98,n,prove,0.649000,0.652000,0.657000,s
32-reg,collatz,98,n,verify,0.051000,0.052000,0.053000,s
32-reg,collatz,100,n,decode,0.193000,0.194000,0.205000,s
32-reg,collatz,100,n,trace,0.070000,0.071000,0.071000,s
32-reg,collatz,100,n,preprocess,2.162000,2.168000,2.246000,s
32-reg,collatz,100,n,prove,0.648000,0.653000,0.661000,s
32-reg,collatz,100,n,verify,0.051000,0.052000,0.052000,s
32-reg,collatz,105,n,decode,0.193000,0.194000,0.196000,s
32-reg,collatz,105,n,trace,0.070000,0.071000,0.071000,s
32-reg,collatz,105,n,preprocess,2.156000,2.168000,2.315000,s
32-reg,collatz,105,n,prove,0.655000,0.661000,0.663000,s
32-reg,collatz,105,n,verify,0.051000,0.053000,0.054000,s
32-reg,collatz,110,n,decode,0.193000,0.196000,0.197000,s
32-reg,collatz,110,n,trace,0.071000,0.073000,0.074000,s
32-reg,collatz,110,n,preprocess,2.159000,2.179000,2.301000,s
32-reg,collatz,110,n,prove,0.862000,0.870000,0.893000,s
32-reg,collatz,110,n,verify,0.053000,0.053000,0.054000,s
32-reg,collatz,115,n,decode,0.193000,0.194000,0.198000,s
32-reg,collatz,115,n,trace,0.071000,0.072000,0.072000,s
32-reg,collatz,115,n,preprocess,2.162000,2.190000,2.294000,s
32-reg,collatz,115,n,prove,0.656000,0.659000,0.663000,s
32-reg,collatz,115,n,verify,0.051000,0.053000,0.053000,s
32-reg,collatz,120,n,decode,0.194000,0.196000,0.198000,s
32-reg,collatz,120,n,trace,0.070000,0.071000,0.071000,s
32-reg,collatz,120,n,preprocess,2.158000,2.184000,2.286000,s
32-reg,collatz,120,n,prove,0.616000,0.620000,0.625000,s
32-reg,collatz,120,n,verify,0.050000,0.052000,0.053000,s
32-reg,collatz,125,n,decode,0.192000,0.195000,0.196000,s
32-reg,collatz,125,n,trace,0.072000,0.072000,0.073000,s
32-reg,collatz,125,n,preprocess,2.162000,2.168000,2.291000,s
32-reg,collatz,125,n,prove,0.862000,0.883000,0.902000,s
32-reg,collatz,125,n,verify,0.052000,0.053000,0.054000,s
32-reg,collatz,130,n,decode,0.193000,0.195000,0.205000,s
32-reg,collatz,130,n,trace,0.070000,0.071000,0.071000,s
32-reg,collatz,130,n,preprocess,2.157000,2.181000,2.320000,s
32-reg,collatz,130,n,prove,0.652000,0.656000,0.661000,s
32-reg,collatz,130,n,verify,0.051000,0.052000,0.053000,s
32-reg,collatz,135,n,decode,0.193000,0.194000,0.198000,s
32-reg,collatz,135,n,trace,0.071000,0.071000,0.072000,s
32-reg,collatz,135,n,preprocess,2.162000,2.196000,2.290000,s
32-reg,collatz,135,n,prove,0.660000,0.665000,0.667000,s
32-reg,collatz,135,n,verify,0.051000,0.053000,0.054000,s
32-reg,collatz,140,n,decode,0.193000,0.195000,0.197000,s
32-reg,collatz,140,n,trace,0.070000,0.070000,0.071000,s
32-reg,collatz,140,n,preprocess,2.170000,2.190000,2.329000,s
32-reg,collatz,140,n,prove,0.614000,0.618000,0.622000,s
32-reg,collatz,140,n,verify,0.051000,0.052000,0.052000,s
32-reg,collatz,145,n,decode,0.193000,0.196000,0.197000,s
32-reg,collatz,145,n,trace,0.071000,0.072000,0.073000,s
32-reg,collatz,145,n,preprocess,2.161000,2.177000,2.264000,s
32-reg,collatz,145,n,prove,0.865000,0.890000,0.899000,s
32-reg,collatz,145,n,verify,0.052000,0.053000,0.055000,s
32-reg,collatz,150,n,decode,0.193000,0.196000,0.198000,s
32-reg,collatz,150,n,trace,0.070000,0.070000,0.071000,s
32-reg,collatz,150,n,preprocess,2.157000,2.175000,2.227000,s
32-reg,collatz,150,n,prove,0.615000,0.618000,0.620000,s
32-reg,collatz,150,n,verify,0.052000,0.053000,0.053000,s
32-reg,collatz,155,n,decode,0.192000,0.193000,0.196000,s
32-reg,collatz,155,n,trace,0.070000,0.071000,0.072000,s
32-reg,collatz,155,n,preprocess,2.154000,2.181000,2.292000,s
32-reg,collatz,155,n,prove,0.747000,0.761000,0.768000,s
32-reg,collatz,155,n,verify,0.053000,0.053000,0.055000,s
32-reg,collatz,160,n,decode,0.194000,0.196000,0.206000,s
32-reg,collatz,160,n,trace,0.069000,0.070000,0.071000,s
32-reg,collatz,160,n,preprocess,2.156000,2.195000,2.323000,s
32-reg,collatz,160,n,prove,0.612000,0.616000,0.618000,s
32-reg,collatz,160,n,verify,0.052000,0.052000,0.053000,s
32-reg,collatz,165,n,decode,0.194000,0.195000,0.197000,s
32-reg,collatz,165,n,trace,0.071000,0.072000,0.073000,s
32-reg,collatz,165,n,preprocess,2.163000,2.178000,2.195000,s
32-reg,collatz,165,n,prove,0.861000,0.867000,0.873000,s
32-reg,collatz,165,n,verify,0.053000,0.054000,0.054000,s
32-reg,collatz,170,n,decode,0.193000,0.195000,0.196000,s
32-reg,collatz,170,n,trace,0.070000,0.070000,0.071000,s
32-reg,collatz,170,n,preprocess,2.164000,2.205000,2.287000,s
32-reg,collatz,170,n,prove,0.612000,0.616000,0.618000,s
32-reg,collatz,170,n,verify,0.052000,0.053000,0.053000,s
32-reg,collatz,175,n,decode,0.192000,0.195000,0.197000,s
32-reg,collatz,175,n,trace,0.071000,0.072000,0.072000,s
32-reg,collatz,175,n,preprocess,2.160000,2.171000,2.296000,s
32-reg,collatz,175,n,prove,0.739000,0.745000,0.758000,s
32-reg,collatz,175,n,verify,0.053000,0.053000,0.055000,s
32-reg,collatz,180,n,decode,0.193000,0.195000,0.196000,s
32-reg,collatz,180,n,trace,0.070000,0.070000,0.072000,s
32-reg,collatz,180,n,preprocess,2.157000,2.166000,2.231000,s
32-reg,collatz,180,n,prove,0.619000,0.620000,0.625000,s
32-reg,collatz,180,n,verify,0.052000,0.052000,0.054000,s
32-reg,collatz,185,n,decode,0.193000,0.195000,0.197000,s
32-reg,collatz,185,n,trace,0.070000,0.071000,0.072000,s
32-reg,collatz,185,n,preprocess,2.159000,2.182000,2.310000,s
32-reg,collatz,185,n,prove,0.720000,0.723000,0.731000,s
32-reg,collatz,185,n,verify,0.052000,0.053000,0.054000,s
32-reg,collatz,190,n,decode,0.193000,0.195000,0.209000,s
32-reg,collatz,190,n,trace,0.072000,0.072000,0.073000,s
32-reg,collatz,190,n,preprocess,2.156000,2.165000,2.296000,s
32-reg,collatz,190,n,prove,0.858000,0.862000,0.867000,s
32-reg,collatz,190,n,verify,0.052000,0.053000,0.054000,s
32-reg,collatz,195,n,decode,0.193000,0.195000,0.198000,s
32-reg,collatz,195,n,trace,0.072000,0.072000,0.074000,s
32-reg,collatz,195,n,preprocess,2.162000,2.189000,2.263000,s
32-reg,collatz,195,n,prove,0.866000,0.872000,0.894000,s
32-reg,collatz,195,n,verify,0.053000,0.054000,0.055000,s
32-reg,collatz,200,n,decode,0.193000,0.194000,0.196000,s
32-reg,collatz,200,n,trace,0.070000,0.070000,0.072000,s
32-reg,collatz,200,n,preprocess,2.156000,2.175000,2.237000,s
32-reg,collatz,200,n,prove,0.650000,0.655000,0.659000,s
32-reg,collatz,200,n,verify,0.052000,0.053000,0.053000,s
32-reg,collatz,210,n,decode,0.192000,0.194000,0.195000,s
32-reg,collatz,210,n,trace,0.070000,0.070000,0.071000,s
32-reg,collatz,210,n,preprocess,2.157000,2.166000,2.197000,s
32-reg,collatz,210,n,prove,0.659000,0.661000,0.662000,s
32-reg,collatz,210,n,verify,0.051000,0.053000,0.054000,s
32-reg,collatz,220,n,decode,0.193000,0.196000,0.197000,s
32-reg,collatz,220,n,trace,0.072000,0.072000,0.074000,s
32-reg,collatz,220,n,preprocess,2.166000,2.195000,2.235000,s
32-reg,collatz,220,n,prove,0.864000,0.871000,0.874000,s
32-reg,collatz,220,n,verify,0.053000,0.054000,0.055000,s
32-reg,collatz,230,n,decode,0.193000,0.196000,0.198000,s
32-reg,collatz,230,n,trace,0.070000,0.071000,0.071000,s
32-reg,collatz,230,n,preprocess,2.160000,2.221000,2.289000,s
32-reg,collatz,230,n,prove,0.656000,0.659000,0.661000,s
32-reg,collatz,230,n,verify,0.052000,0.053000,0.055000,s
32-reg,collatz,240,n,decode,0.192000,0.194000,0.206000,s
32-reg,collatz,240,n,trace,0.069000,0.070000,0.071000,s
32-reg,collatz,240,n,preprocess,2.171000,2.196000,2.338000,s
32-reg,collatz,240,n,prove,0.646000,0.651000,0.653000,s
32-reg,collatz,240,n,verify,0.051000,0.052000,0.054000,s
32-reg,collatz,250,n,decode,0.194000,0.195000,0.196000,s
32-reg,collatz,250,n,trace,0.071000,0.072000,0.073000,s
32-reg,collatz,250,n,preprocess,2.157000,2.186000,2.347000,s
32-reg,collatz,250,n,prove,0.861000,0.866000,0.888000,s
32-reg,collatz,250,n,verify,0.052000,0.053000,0.054000,s
32-reg,collatz,500,n,decode,0.194000,0.195000,0.198000,s
32-reg,collatz,500,n,trace,0.071000,0.072000,0.073000,s
32-reg,collatz,500,n,preprocess,2.158000,2.168000,2.292000,s
32-reg,collatz,500,n,prove,0.865000,0.869000,0.894000,s
32-reg,collatz,500,n,verify,0.053000,0.054000,0.054000,s
32-reg,collatz,750,n,decode,0.193000,0.194000,0.196000,s
32-reg,collatz,750,n,trace,0.070000,0.071000,0.072000,s
32-reg,collatz,750,n,preprocess,2.159000,2.170000,2.296000,s
32-reg,collatz,750,n,prove,0.723000,0.727000,0.730000,s
32-reg,collatz,750,n,verify,0.053000,0.054000,0.055000,s
32-reg,collatz,1000,n,decode,0.193000,0.195000,0.198000,s
32-reg,collatz,1000,n,trace,0.072000,0.072000,0.073000,s
32-reg,collatz,1000,n,preprocess,2.161000,2.194000,2.324000,s
32-reg,collatz,1000,n,prove,0.864000,0.884000,0.893000,s
32-reg,collatz,1000,n,verify,0.052000,0.054000,0.055000,s
32-reg,collatz,2000,n,decode,0.193000,0.195000,0.198000,s
32-reg,collatz,2000,n,trace,0.071000,0.072000,0.074000,s
32-reg,collatz,2000,n,preprocess,2.158000,2.168000,2.329000,s
32-reg,collatz,2000,n,prove,0.865000,0.868000,0.891000,s
32-reg,collatz,2000,n,verify,0.052000,0.054000,0.055000,s
32-reg,collatz,3000,n,decode,0.192000,0.195000,0.208000,s
32-reg,collatz,3000,n,trace,0.069000,0.070000,0.071000,s
32-reg,collatz,3000,n,preprocess,2.159000,2.193000,2.277000,s
32-reg,collatz,3000,n,prove,0.722000,0.725000,0.732000,s
32-reg,collatz,3000,n,verify,0.052000,0.054000,0.055000,s
32-reg,collatz,4000,n,decode,0.193000,0.196000,0.197000,s
32-reg,collatz,4000,n,trace,0.071000,0.072000,0.073000,s
32-reg,collatz,4000,n,preprocess,2.157000,2.199000,2.295000,s
32-reg,collatz,4000,n,prove,0.862000,0.870000,0.893000,s
32-reg,collatz,4000,n,verify,0.052000,0.054000,0.055000,s
32-reg,collatz,5000,n,decode,0.192000,0.194000,0.195000,s
32-reg,collatz,5000,n,trace,0.069000,0.070000,0.071000,s
32-reg,collatz,5000,n,preprocess,2.159000,2.195000,2.296000,s
32-reg,collatz,5000,n,prove,0.650000,0.654000,0.658000,s
32-reg,collatz,5000,n,verify,0.052000,0.053000,0.054000,s
32-reg,collatz,6000,n,decode,0.194000,0.194000,0.196000,s
32-reg,collatz,6000,n,trace,0.070000,0.071000,0.072000,s
32-reg,collatz,6000,n,preprocess,2.163000,2.183000,2.293000,s
32-reg,collatz,6000,n,prove,0.723000,0.728000,0.732000,s
32-reg,collatz,6000,n,verify,0.052000,0.054000,0.054000,s
32-reg,collatz,7000,n,decode,0.192000,0.194000,0.197000,s
32-reg,collatz,7000,n,trace,0.070000,0.070000,0.071000,s
32-reg,collatz,7000,n,preprocess,2.154000,2.172000,2.255000,s
32-reg,collatz,7000,n,prove,0.653000,0.657000,0.666000,s
32-reg,collatz,7000,n,verify,0.052000,0.053000,0.054000,s
32-reg,collatz,8000,n,decode,0.193000,0.195000,0.196000,s
32-reg,collatz,8000,n,trace,0.072000,0.073000,0.074000,s
32-reg,collatz,8000,n,preprocess,2.164000,2.181000,2.297000,s
32-reg,collatz,8000,n,prove,0.865000,0.874000,0.897000,s
32-reg,collatz,8000,n,verify,0.053000,0.054000,0.055000,s
32-reg,collatz,9000,n,decode,0.193000,0.195000,0.206000,s
32-reg,collatz,9000,n,trace,0.071000,0.071000,0.072000,s
32-reg,collatz,9000,n,preprocess,2.159000,2.195000,2.323000,s
32-reg,collatz,9000,n,prove,0.722000,0.726000,0.731000,s
32-reg,collatz,9000,n,verify,0.052000,0.054000,0.055000,s
32-reg,collatz,10000,n,decode,0.192000,0.194000,0.208000,s
32-reg,collatz,10000,n,trace,0.070000,0.070000,0.072000,s
32-reg,collatz,10000,n,preprocess,2.159000,2.164000,2.228000,s
32-reg,collatz,10000,n,prove,0.653000,0.655000,0.659000,s
32-reg,collatz,10000,n,verify,0.052000,0.053000,0.054000,s
32-reg,collatz,12500,n,decode,0.193000,0.195000,0.197000,s
32-reg,collatz,12500,n,trace,0.071000,0.073000,0.074000,s
32-reg,collatz,12500,n,preprocess,2.155000,2.178000,2.230000,s
32-reg,collatz,12500,n,prove,0.870000,0.875000,0.880000,s
32-reg,collatz,12500,n,verify,0.053000,0.054000,0.055000,s
32-reg,collatz,15000,n,decode,0.193000,0.194000,0.198000,s
32-reg,collatz,15000,n,trace,0.072000,0.073000,0.074000,s
32-reg,collatz,15000,n,preprocess,2.159000,2.185000,2.292000,s
32-reg,collatz,15000,n,prove,0.908000,0.917000,0.921000,s
32-reg,collatz,15000,n,verify,0.053000,0.054000,0.055000,s
32-reg,collatz,17500,n,decode,0.193000,0.195000,0.196000,s
32-reg,collatz,17500,n,trace,0.070000,0.071000,0.072000,s
32-reg,collatz,17500,n,preprocess,2.163000,2.178000,2.224000,s
32-reg,collatz,17500,n,prove,0.738000,0.743000,0.763000,s
32-reg,collatz,17500,n,verify,0.053000,0.053000,0.055000,s
32-reg,collatz,20000,n,decode,0.192000,0.194000,0.195000,s
32-reg,collatz,20000,n,trace,0.070000,0.071000,0.072000,s
32-reg,collatz,20000,n,preprocess,2.159000,2.176000,2.289000,s
32-reg,collatz,20000,n,prove,0.655000,0.657000,0.664000,s
32-reg,collatz,20000,n,verify,0.052000,0.053000,0.054000,s
32-reg,collatz,25000,n,decode,0.193000,0.194000,0.206000,s
32-reg,collatz,25000,n,trace,0.071000,0.072000,0.073000,s
32-reg,collatz,25000,n,preprocess,2.160000,2.198000,2.232000,s
32-reg,collatz,25000,n,prove,0.872000,0.874000,0.881000,s
32-reg,collatz,25000,n,verify,0.052000,0.054000,0.055000,s
32-reg,fibonacci,1,n,decode,0.221000,0.229000,0.251000,s
32-reg,fibonacci,1,n,trace,0.062000,0.070000,0.072000,s
32-reg,fibonacci,1,n,preprocess,2.556000,2.621000,2.696000,s
32-reg,fibonacci,1,n,prove,0.591000,0.600000,0.602000,s
32-reg,fibonacci,1,n,verify,0.046000,0.047000,0.049000,s
32-reg,fibonacci,2,n,decode,0.220000,0.222000,0.231000,s
32-reg,fibonacci,2,n,trace,0.070000,0.070000,0.072000,s
32-reg,fibonacci,2,n,preprocess,2.560000,2.650000,2.720000,s
32-reg,fibonacci,2,n,prove,0.590000,0.595000,0.606000,s
32-reg,fibonacci,2,n,verify,0.046000,0.047000,0.049000,s
32-reg,fibonacci,3,n,decode,0.219000,0.224000,0.230000,s
32-reg,fibonacci,3,n,trace,0.069000,0.070000,0.071000,s
32-reg,fibonacci,3,n,preprocess,2.542000,2.600000,2.686000,s
32-reg,fibonacci,3,n,prove,0.593000,0.599000,0.604000,s
32-reg,fibonacci,3,n,verify,0.044000,0.046000,0.049000,s
32-reg,fibonacci,4,n,decode,0.217000,0.223000,0.227000,s
32-reg,fibonacci,4,n,trace,0.070000,0.070000,0.071000,s
32-reg,fibonacci,4,n,preprocess,2.542000,2.599000,2.730000,s
32-reg,fibonacci,4,n,prove,0.590000,0.597000,0.604000,s
32-reg,fibonacci,4,n,verify,0.045000,0.047000,0.049000,s
32-reg,fibonacci,5,n,decode,0.220000,0.225000,0.227000,s
32-reg,fibonacci,5,n,trace,0.070000,0.070000,0.073000,s
32-reg,fibonacci,5,n,preprocess,2.552000,2.642000,2.767000,s
32-reg,fibonacci,5,n,prove,0.592000,0.597000,0.604000,s
32-reg,fibonacci,5,n,verify,0.046000,0.048000,0.049000,s
32-reg,fibonacci,6,n,decode,0.213000,0.223000,0.225000,s
32-reg,fibonacci,6,n,trace,0.069000,0.070000,0.072000,s
32-reg,fibonacci,6,n,preprocess,2.542000,2.571000,2.689000,s
32-reg,fibonacci,6,n,prove,0.587000,0.597000,0.606000,s
32-reg,fibonacci,6,n,verify,0.046000,0.047000,0.049000,s
32-reg,fibonacci,7,n,decode,0.217000,0.221000,0.239000,s
32-reg,fibonacci,7,n,trace,0.070000,0.071000,0.072000,s
32-reg,fibonacci,7,n,preprocess,2.466000,2.574000,2.684000,s
32-reg,fibonacci,7,n,prove,0.590000,0.596000,0.607000,s
32-reg,fibonacci,7,n,verify,0.045000,0.047000,0.048000,s
32-reg,fibonacci,8,n,decode,0.216000,0.224000,0.225000,s
32-reg,fibonacci,8,n,trace,0.069000,0.071000,0.072000,s
32-reg,fibonacci,8,n,preprocess,2.486000,2.578000,2.750000,s
32-reg,fibonacci,8,n,prove,0.589000,0.598000,0.607000,s
32-reg,fibonacci,8,n,verify,0.045000,0.048000,0.049000,s
32-reg,fibonacci,9,n,decode,0.214000,0.221000,0.226000,s
32-reg,fibonacci,9,n,trace,0.069000,0.071000,0.073000,s
32-reg,fibonacci,9,n,preprocess,2.493000,2.534000,2.745000,s
32-reg,fibonacci,9,n,prove,0.594000,0.597000,0.606000,s
32-reg,fibonacci,9,n,verify,0.046000,0.047000,0.048000,s
32-reg,fibonacci,10,n,decode,0.218000,0.224000,0.227000,s
32-reg,fibonacci,10,n,trace,0.071000,0.072000,0.073000,s
32-reg,fibonacci,10,n,preprocess,2.544000,2.610000,2.678000,s
32-reg,fibonacci,10,n,prove,0.606000,0.610000,0.617000,s
32-reg,fibonacci,10,n,verify,0.046000,0.047000,0.049000,s
32-reg,fibonacci,11,n,decode,0.220000,0.224000,0.228000,s
32-reg,fibonacci,11,n,trace,0.071000,0.071000,0.072000,s
32-reg,fibonacci,11,n,preprocess,2.556000,2.602000,2.690000,s
32-reg,fibonacci,11,n,prove,0.604000,0.610000,0.620000,s
32-reg,fibonacci,11,n,verify,0.045000,0.047000,0.051000,s
32-reg,fibonacci,12,n,decode,0.214000,0.218000,0.230000,s
32-reg,fibonacci,12,n,trace,0.070000,0.071000,0.072000,s
32-reg,fibonacci,12,n,preprocess,2.495000,2.532000,2.649000,s
32-reg,fibonacci,12,n,prove,0.606000,0.608000,0.626000,s
32-reg,fibonacci,12,n,verify,0.046000,0.048000,0.050000,s
32-reg,fibonacci,13,n,decode,0.215000,0.218000,0.221000,s
32-reg,fibonacci,13,n,trace,0.070000,0.071000,0.072000,s
32-reg,fibonacci,13,n,preprocess,2.462000,2.521000,2.653000,s
32-reg,fibonacci,13,n,prove,0.599000,0.610000,0.614000,s
32-reg,fibonacci,13,n,verify,0.047000,0.048000,0.050000,s
32-reg,fibonacci,14,n,decode,0.216000,0.221000,0.223000,s
32-reg,fibonacci,14,n,trace,0.070000,0.071000,0.072000,s
32-reg,fibonacci,14,n,preprocess,2.489000,2.537000,2.692000,s
32-reg,fibonacci,14,n,prove,0.603000,0.612000,0.617000,s
32-reg,fibonacci,14,n,verify,0.047000,0.048000,0.049000,s
32-reg,fibonacci,15,n,decode,0.215000,0.219000,0.225000,s
32-reg,fibonacci,15,n,trace,0.070000,0.071000,0.073000,s
32-reg,fibonacci,15,n,preprocess,2.477000,2.503000,2.599000,s
32-reg,fibonacci,15,n,prove,0.603000,0.610000,0.614000,s
32-reg,fibonacci,15,n,verify,0.047000,0.048000,0.051000,s
32-reg,fibonacci,16,n,decode,0.214000,0.220000,0.227000,s
32-reg,fibonacci,16,n,trace,0.070000,0.071000,0.071000,s
32-reg,fibonacci,16,n,preprocess,2.414000,2.514000,2.668000,s
32-reg,fibonacci,16,n,prove,0.606000,0.609000,0.615000,s
32-reg,fibonacci,16,n,verify,0.048000,0.049000,0.050000,s
32-reg,fibonacci,17,n,decode,0.216000,0.220000,0.226000,s
32-reg,fibonacci,17,n,trace,0.070000,0.072000,0.073000,s
32-reg,fibonacci,17,n,preprocess,2.458000,2.524000,2.632000,s
32-reg,fibonacci,17,n,prove,0.607000,0.610000,0.626000,s
32-reg,fibonacci,17,n,verify,0.048000,0.049000,0.049000,s
32-reg,fibonacci,18,n,decode,0.219000,0.227000,0.241000,s
32-reg,fibonacci,18,n,trace,0.070000,0.072000,0.073000,s
32-reg,fibonacci,18,n,preprocess,2.557000,2.613000,2.747000,s
32-reg,fibonacci,18,n,prove,0.610000,0.613000,0.620000,s
32-reg,fibonacci,18,n,verify,0.047000,0.048000,0.050000,s
32-reg,fibonacci,19,n,decode,0.210000,0.219000,0.222000,s
32-reg,fibonacci,19,n,trace,0.070000,0.071000,0.072000,s
32-reg,fibonacci,19,n,preprocess,2.490000,2.533000,2.654000,s
32-reg,fibonacci,19,n,prove,0.606000,0.611000,0.616000,s
32-reg,fibonacci,19,n,verify,0.046000,0.049000,0.050000,s
32-reg,fibonacci,20,n,decode,0.219000,0.223000,0.230000,s
32-reg,fibonacci,20,n,trace,0.071000,0.072000,0.073000,s
32-reg,fibonacci,20,n,preprocess,2.493000,2.597000,2.717000,s
32-reg,fibonacci,20,n,prove,0.607000,0.616000,0.620000,s
32-reg,fibonacci,20,n,verify,0.046000,0.048000,0.050000,s
32-reg,fibonacci,21,n,decode,0.224000,0.228000,0.229000,s
32-reg,fibonacci,21,n,trace,0.071000,0.072000,0.073000,s
32-reg,fibonacci,21,n,preprocess,2.567000,2.623000,2.675000,s
32-reg,fibonacci,21,n,prove,0.609000,0.613000,0.619000,s
32-reg,fibonacci,21,n,verify,0.048000,0.049000,0.050000,s
32-reg,fibonacci,22,n,decode,0.216000,0.224000,0.235000,s
32-reg,fibonacci,22,n,trace,0.071000,0.072000,0.072000,s
32-reg,fibonacci,22,n,preprocess,2.566000,2.633000,2.737000,s
32-reg,fibonacci,22,n,prove,0.608000,0.614000,0.618000,s
32-reg,fibonacci,22,n,verify,0.048000,0.049000,0.050000,s
32-reg,fibonacci,23,n,decode,0.219000,0.221000,0.228000,s
32-reg,fibonacci,23,n,trace,0.071000,0.071000,0.073000,s
32-reg,fibonacci,23,n,preprocess,2.498000,2.586000,2.684000,s
32-reg,fibonacci,23,n,prove,0.607000,0.613000,0.620000,s
32-reg,fibonacci,23,n,verify,0.046000,0.048000,0.050000,s
32-reg,fibonacci,24,n,decode,0.214000,0.219000,0.230000,s
32-reg,fibonacci,24,n,trace,0.071000,0.072000,0.073000,s
32-reg,fibonacci,24,n,preprocess,2.473000,2.523000,2.673000,s
32-reg,fibonacci,24,n,prove,0.609000,0.613000,0.617000,s
32-reg,fibonacci,24,n,verify,0.047000,0.048000,0.049000,s
32-reg,fibonacci,25,n,decode,0.216000,0.223000,0.237000,s
32-reg,fibonacci,25,n,trace,0.071000,0.072000,0.074000,s
32-reg,fibonacci,25,n,preprocess,2.510000,2.604000,2.777000,s
32-reg,fibonacci,25,n,prove,0.614000,0.617000,0.622000,s
32-reg,fibonacci,25,n,verify,0.048000,0.049000,0.051000,s
32-reg,fibonacci,26,n,decode,0.222000,0.228000,0.230000,s
32-reg,fibonacci,26,n,trace,0.072000,0.073000,0.073000,s
32-reg,fibonacci,26,n,preprocess,2.584000,2.627000,2.729000,s
32-reg,fibonacci,26,n,prove,0.627000,0.635000,0.638000,s
32-reg,fibonacci,26,n,verify,0.048000,0.049000,0.051000,s
32-reg,fibonacci,27,n,decode,0.218000,0.221000,0.229000,s
32-reg,fibonacci,27,n,trace,0.071000,0.072000,0.073000,s
32-reg,fibonacci,27,n,preprocess,2.518000,2.592000,2.726000,s
32-reg,fibonacci,27,n,prove,0.622000,0.629000,0.633000,s
32-reg,fibonacci,27,n,verify,0.048000,0.049000,0.051000,s
32-reg,fibonacci,28,n,decode,0.218000,0.222000,0.228000,s
32-reg,fibonacci,28,n,trace,0.072000,0.072000,0.074000,s
32-reg,fibonacci,28,n,preprocess,2.499000,2.587000,2.795000,s
32-reg,fibonacci,28,n,prove,0.623000,0.629000,0.636000,s
32-reg,fibonacci,28,n,verify,0.047000,0.049000,0.052000,s
32-reg,fibonacci,29,n,decode,0.215000,0.220000,0.231000,s
32-reg,fibonacci,29,n,trace,0.070000,0.072000,0.074000,s
32-reg,fibonacci,29,n,preprocess,2.506000,2.560000,2.659000,s
32-reg,fibonacci,29,n,prove,0.624000,0.631000,0.638000,s
32-reg,fibonacci,29,n,verify,0.047000,0.049000,0.050000,s
32-reg,fibonacci,30,n,decode,0.215000,0.220000,0.228000,s
32-reg,fibonacci,30,n,trace,0.072000,0.072000,0.075000,s
32-reg,fibonacci,30,n,preprocess,2.474000,2.555000,2.594000,s
32-reg,fibonacci,30,n,prove,0.625000,0.629000,0.637000,s
32-reg,fibonacci,30,n,verify,0.046000,0.049000,0.051000,s
32-reg,fibonacci,31,n,decode,0.216000,0.219000,0.224000,s
32-reg,fibonacci,31,n,trace,0.072000,0.072000,0.074000,s
32-reg,fibonacci,31,n,preprocess,2.509000,2.544000,2.682000,s
32-reg,fibonacci,31,n,prove,0.623000,0.631000,0.640000,s
32-reg,fibonacci,31,n,verify,0.049000,0.050000,0.051000,s
32-reg,fibonacci,32,n,decode,0.220000,0.224000,0.228000,s
32-reg,fibonacci,32,n,trace,0.071000,0.072000,0.088000,s
32-reg,fibonacci,32,n,preprocess,2.502000,2.670000,2.899000,s
32-reg,fibonacci,32,n,prove,0.625000,0.633000,0.637000,s
32-reg,fibonacci,32,n,verify,0.048000,0.049000,0.052000,s
32-reg,fibonacci,33,n,decode,0.215000,0.219000,0.227000,s
32-reg,fibonacci,33,n,trace,0.070000,0.071000,0.072000,s
32-reg,fibonacci,33,n,preprocess,2.455000,2.590000,2.633000,s
32-reg,fibonacci,33,n,prove,0.623000,0.629000,0.641000,s
32-reg,fibonacci,33,n,verify,0.049000,0.050000,0.051000,s
32-reg,fibonacci,34,n,decode,0.218000,0.220000,0.229000,s
32-reg,fibonacci,34,n,trace,0.070000,0.072000,0.073000,s
32-reg,fibonacci,34,n,preprocess,2.521000,2.579000,2.750000,s
32-reg,fibonacci,34,n,prove,0.625000,0.632000,0.640000,s
32-reg,fibonacci,34,n,verify,0.048000,0.049000,0.052000,s
32-reg,fibonacci,35,n,decode,0.216000,0.223000,0.239000,s
32-reg,fibonacci,35,n,trace,0.071000,0.071000,0.073000,s
32-reg,fibonacci,35,n,preprocess,2.500000,2.559000,2.698000,s
32-reg,fibonacci,35,n,prove,0.623000,0.632000,0.637000,s
32-reg,fibonacci,35,n,verify,0.048000,0.050000,0.050000,s
32-reg,fibonacci,36,n,decode,0.213000,0.220000,0.229000,s
32-reg,fibonacci,36,n,trace,0.071000,0.071000,0.074000,s
32-reg,fibonacci,36,n,preprocess,2.467000,2.542000,2.681000,s
32-reg,fibonacci,36,n,prove,0.625000,0.631000,0.635000,s
32-reg,fibonacci,36,n,verify,0.047000,0.049000,0.051000,s
32-reg,fibonacci,37,n,decode,0.218000,0.219000,0.225000,s
32-reg,fibonacci,37,n,trace,0.071000,0.072000,0.073000,s
32-reg,fibonacci,37,n,preprocess,2.488000,2.579000,2.707000,s
32-reg,fibonacci,37,n,prove,0.624000,0.631000,0.636000,s
32-reg,fibonacci,37,n,verify,0.047000,0.049000,0.051000,s
32-reg,fibonacci,38,n,decode,0.214000,0.219000,0.223000,s
32-reg,fibonacci,38,n,trace,0.071000,0.072000,0.073000,s
32-reg,fibonacci,38,n,preprocess,2.492000,2.564000,2.627000,s
32-reg,fibonacci,38,n,prove,0.621000,0.632000,0.633000,s
32-reg,fibonacci,38,n,verify,0.048000,0.050000,0.051000,s
32-reg,fibonacci,39,n,decode,0.218000,0.220000,0.226000,s
32-reg,fibonacci,39,n,trace,0.071000,0.071000,0.072000,s
32-reg,fibonacci,39,n,preprocess,2.531000,2.561000,2.624000,s
32-reg,fibonacci,39,n,prove,0.624000,0.631000,0.638000,s
32-reg,fibonacci,39,n,verify,0.048000,0.050000,0.051000,s
32-reg,fibonacci,40,n,decode,0.216000,0.221000,0.226000,s
32-reg,fibonacci,40,n,trace,0.070000,0.072000,0.073000,s
32-reg,fibonacci,40,n,preprocess,2.528000,2.579000,2.686000,s
32-reg,fibonacci,40,n,prove,0.626000,0.632000,0.638000,s
32-reg,fibonacci,40,n,verify,0.048000,0.049000,0.051000,s
32-reg,fibonacci,41,n,decode,0.218000,0.221000,0.236000,s
32-reg,fibonacci,41,n,trace,0.071000,0.072000,0.073000,s
32-reg,fibonacci,41,n,preprocess,2.532000,2.595000,2.693000,s
32-reg,fibonacci,41,n,prove,0.629000,0.634000,0.636000,s
32-reg,fibonacci,41,n,verify,0.049000,0.050000,0.051000,s
32-reg,fibonacci,42,n,decode,0.215000,0.218000,0.229000,s
32-reg,fibonacci,42,n,trace,0.070000,0.071000,0.073000,s
32-reg,fibonacci,42,n,preprocess,2.460000,2.525000,2.762000,s
32-reg,fibonacci,42,n,prove,0.628000,0.631000,0.639000,s
32-reg,fibonacci,42,n,verify,0.048000,0.050000,0.051000,s
32-reg,fibonacci,43,n,decode,0.214000,0.221000,0.227000,s
32-reg,fibonacci,43,n,trace,0.070000,0.072000,0.073000,s
32-reg,fibonacci,43,n,preprocess,2.468000,2.551000,2.618000,s
32-reg,fibonacci,43,n,prove,0.626000,0.634000,0.639000,s
32-reg,fibonacci,43,n,verify,0.049000,0.050000,0.051000,s
32-reg,fibonacci,44,n,decode,0.216000,0.221000,0.227000,s
32-reg,fibonacci,44,n,trace,0.071000,0.072000,0.073000,s
32-reg,fibonacci,44,n,preprocess,2.508000,2.548000,2.669000,s
32-reg,fibonacci,44,n,prove,0.625000,0.632000,0.638000,s
32-reg,fibonacci,44,n,verify,0.048000,0.049000,0.050000,s
32-reg,fibonacci,45,n,decode,0.216000,0.221000,0.226000,s
32-reg,fibonacci,45,n,trace,0.071000,0.071000,0.072000,s
32-reg,fibonacci,45,n,preprocess,2.517000,2.615000,2.778000,s
32-reg,fibonacci,45,n,prove,0.628000,0.633000,0.639000,s
32-reg,fibonacci,45,n,verify,0.048000,0.050000,0.051000,s
32-reg,fibonacci,46,n,decode,0.219000,0.227000,0.231000,s
32-reg,fibonacci,46,n,trace,0.070000,0.072000,0.072000,s
32-reg,fibonacci,46,n,preprocess,2.581000,2.630000,2.716000,s
32-reg,fibonacci,46,n,prove,0.629000,0.632000,0.634000,s
32-reg,fibonacci,46,n,verify,0.048000,0.050000,0.051000,s
32-reg,fibonacci,47,n,decode,0.219000,0.223000,0.236000,s
32-reg,fibonacci,47,n,trace,0.071000,0.072000,0.073000,s
32-reg,fibonacci,47,n,preprocess,2.503000,2.552000,2.651000,s
32-reg,fibonacci,47,n,prove,0.629000,0.632000,0.658000,s
32-reg,fibonacci,47,n,verify,0.049000,0.050000,0.051000,s
32-reg,fibonacci,48,n,decode,0.219000,0.222000,0.226000,s
32-reg,fibonacci,48,n,trace,0.071000,0.072000,0.073000,s
32-reg,fibonacci,48,n,preprocess,2.514000,2.558000,2.613000,s
32-reg,fibonacci,48,n,prove,0.628000,0.633000,0.640000,s
32-reg,fibonacci,48,n,verify,0.047000,0.050000,0.052000,s
32-reg,fibonacci,49,n,decode,0.217000,0.222000,0.230000,s
32-reg,fibonacci,49,n,trace,0.071000,0.072000,0.073000,s
32-reg,fibonacci,49,n,preprocess,2.516000,2.575000,2.761000,s
32-reg,fibonacci,49,n,prove,0.627000,0.631000,0.642000,s
32-reg,fibonacci,49,n,verify,0.047000,0.050000,0.051000,s
32-reg,fibonacci,50,n,decode,0.215000,0.223000,0.229000,s
32-reg,fibonacci,50,n,trace,0.071000,0.073000,0.074000,s
32-reg,fibonacci,50,n,preprocess,2.553000,2.674000,2.794000,s
32-reg,fibonacci,50,n,prove,0.627000,0.634000,0.639000,s
32-reg,fibonacci,50,n,verify,0.049000,0.050000,0.052000,s
32-reg,fibonacci,52,n,decode,0.217000,0.221000,0.229000,s
32-reg,fibonacci,52,n,trace,0.071000,0.072000,0.073000,s
32-reg,fibonacci,52,n,preprocess,2.518000,2.603000,2.681000,s
32-reg,fibonacci,52,n,prove,0.624000,0.633000,0.643000,s
32-reg,fibonacci,52,n,verify,0.047000,0.049000,0.050000,s
32-reg,fibonacci,54,n,decode,0.218000,0.223000,0.237000,s
32-reg,fibonacci,54,n,trace,0.071000,0.072000,0.073000,s
32-reg,fibonacci,54,n,preprocess,2.513000,2.546000,2.707000,s
32-reg,fibonacci,54,n,prove,0.627000,0.632000,0.637000,s
32-reg,fibonacci,54,n,verify,0.048000,0.050000,0.052000,s
32-reg,fibonacci,56,n,decode,0.218000,0.223000,0.230000,s
32-reg,fibonacci,56,n,trace,0.071000,0.072000,0.073000,s
32-reg,fibonacci,56,n,preprocess,2.549000,2.594000,2.685000,s
32-reg,fibonacci,56,n,prove,0.623000,0.634000,0.640000,s
32-reg,fibonacci,56,n,verify,0.049000,0.049000,0.052000,s
32-reg,fibonacci,58,n,decode,0.220000,0.224000,0.228000,s
32-reg,fibonacci,58,n,trace,0.071000,0.073000,0.074000,s
32-reg,fibonacci,58,n,preprocess,2.530000,2.623000,2.867000,s
32-reg,fibonacci,58,n,prove,0.630000,0.634000,0.646000,s
32-reg,fibonacci,58,n,verify,0.048000,0.050000,0.052000,s
32-reg,fibonacci,60,n,decode,0.218000,0.221000,0.228000,s
32-reg,fibonacci,60,n,trace,0.071000,0.072000,0.073000,s
32-reg,fibonacci,60,n,preprocess,2.508000,2.575000,2.747000,s
32-reg,fibonacci,60,n,prove,0.632000,0.635000,0.639000,s
32-reg,fibonacci,60,n,verify,0.049000,0.049000,0.051000,s
32-reg,fibonacci,62,n,decode,0.215000,0.224000,0.232000,s
32-reg,fibonacci,62,n,trace,0.071000,0.072000,0.074000,s
32-reg,fibonacci,62,n,preprocess,2.507000,2.606000,2.714000,s
32-reg,fibonacci,62,n,prove,0.634000,0.637000,0.645000,s
32-reg,fibonacci,62,n,verify,0.048000,0.049000,0.054000,s
32-reg,fibonacci,64,n,decode,0.222000,0.224000,0.228000,s
32-reg,fibonacci,64,n,trace,0.071000,0.071000,0.073000,s
32-reg,fibonacci,64,n,preprocess,2.549000,2.616000,2.750000,s
32-reg,fibonacci,64,n,prove,0.655000,0.659000,0.669000,s
32-reg,fibonacci,64,n,verify,0.049000,0.050000,0.052000,s
32-reg,fibonacci,66,n,decode,0.218000,0.226000,0.240000,s
32-reg,fibonacci,66,n,trace,0.070000,0.071000,0.072000,s
32-reg,fibonacci,66,n,preprocess,2.536000,2.634000,2.670000,s
32-reg,fibonacci,66,n,prove,0.654000,0.660000,0.670000,s
32-reg,fibonacci,66,n,verify,0.049000,0.050000,0.053000,s
32-reg,fibonacci,68,n,decode,0.220000,0.223000,0.225000,s
32-reg,fibonacci,68,n,trace,0.071000,0.071000,0.073000,s
32-reg,fibonacci,68,n,preprocess,2.557000,2.579000,2.635000,s
32-reg,fibonacci,68,n,prove,0.651000,0.660000,0.668000,s
32-reg,fibonacci,68,n,verify,0.048000,0.051000,0.052000,s
32-reg,fibonacci,70,n,decode,0.222000,0.223000,0.229000,s
32-reg,fibonacci,70,n,trace,0.071000,0.072000,0.075000,s
32-reg,fibonacci,70,n,preprocess,2.550000,2.605000,2.772000,s
32-reg,fibonacci,70,n,prove,0.656000,0.661000,0.670000,s
32-reg,fibonacci,70,n,verify,0.049000,0.050000,0.052000,s
32-reg,fibonacci,72,n,decode,0.214000,0.221000,0.224000,s
32-reg,fibonacci,72,n,trace,0.071000,0.072000,0.073000,s
32-reg,fibonacci,72,n,preprocess,2.539000,2.601000,2.719000,s
32-reg,fibonacci,72,n,prove,0.654000,0.660000,0.671000,s
32-reg,fibonacci,72,n,verify,0.048000,0.050000,0.052000,s
32-reg,fibonacci,74,n,decode,0.217000,0.224000,0.227000,s
32-reg,fibonacci,74,n,trace,0.071000,0.072000,0.073000,s
32-reg,fibonacci,74,n,preprocess,2.464000,2.601000,2.696000,s
32-reg,fibonacci,74,n,prove,0.652000,0.660000,0.669000,s
32-reg,fibonacci,74,n,verify,0.047000,0.050000,0.052000,s
32-reg,fibonacci,76,n,decode,0.223000,0.228000,0.238000,s
32-reg,fibonacci,76,n,trace,0.071000,0.072000,0.073000,s
32-reg,fibonacci,76,n,preprocess,2.613000,2.661000,2.765000,s
32-reg,fibonacci,76,n,prove,0.656000,0.664000,0.672000,s
32-reg,fibonacci,76,n,verify,0.048000,0.050000,0.052000,s
32-reg,fibonacci,78,n,decode,0.221000,0.223000,0.231000,s
32-reg,fibonacci,78,n,trace,0.071000,0.072000,0.074000,s
32-reg,fibonacci,78,n,preprocess,2.509000,2.623000,2.739000,s
32-reg,fibonacci,78,n,prove,0.657000,0.660000,0.667000,s
32-reg,fibonacci,78,n,verify,0.049000,0.051000,0.052000,s
32-reg,fibonacci,80,n,decode,0.225000,0.228000,0.231000,s
32-reg,fibonacci,80,n,trace,0.071000,0.073000,0.074000,s
32-reg,fibonacci,80,n,preprocess,2.608000,2.651000,2.813000,s
32-reg,fibonacci,80,n,prove,0.658000,0.664000,0.668000,s
32-reg,fibonacci,80,n,verify,0.048000,0.051000,0.054000,s
32-reg,fibonacci,82,n,decode,0.228000,0.231000,0.238000,s
32-reg,fibonacci,82,n,trace,0.071000,0.073000,0.075000,s
32-reg,fibonacci,82,n,preprocess,2.628000,2.682000,2.768000,s
32-reg,fibonacci,82,n,prove,0.658000,0.666000,0.674000,s
32-reg,fibonacci,82,n,verify,0.049000,0.051000,0.052000,s
32-reg,fibonacci,84,n,decode,0.226000,0.231000,0.240000,s
32-reg,fibonacci,84,n,trace,0.072000,0.073000,0.074000,s
32-reg,fibonacci,84,n,preprocess,2.635000,2.698000,2.824000,s
32-reg,fibonacci,84,n,prove,0.657000,0.666000,0.682000,s
32-reg,fibonacci,84,n,verify,0.049000,0.050000,0.052000,s
32-reg,fibonacci,86,n,decode,0.225000,0.230000,0.237000,s
32-reg,fibonacci,86,n,trace,0.072000,0.073000,0.075000,s
32-reg,fibonacci,86,n,preprocess,2.623000,2.688000,2.814000,s
32-reg,fibonacci,86,n,prove,0.658000,0.668000,0.686000,s
32-reg,fibonacci,86,n,verify,0.048000,0.051000,0.052000,s
32-reg,fibonacci,88,n,decode,0.225000,0.230000,0.246000,s
32-reg,fibonacci,88,n,trace,0.072000,0.072000,0.093000,s
32-reg,fibonacci,88,n,preprocess,2.613000,2.672000,2.806000,s
32-reg,fibonacci,88,n,prove,0.660000,0.668000,0.670000,s
32-reg,fibonacci,88,n,verify,0.049000,0.050000,0.051000,s
32-reg,fibonacci,90,n,decode,0.224000,0.227000,0.236000,s
32-reg,fibonacci,90,n,trace,0.071000,0.073000,0.074000,s
32-reg,fibonacci,90,n,preprocess,2.555000,2.662000,2.729000,s
32-reg,fibonacci,90,n,prove,0.658000,0.665000,0.672000,s
32-reg,fibonacci,90,n,verify,0.049000,0.050000,0.053000,s
32-reg,fibonacci,92,n,decode,0.218000,0.224000,0.227000,s
32-reg,fibonacci,92,n,trace,0.071000,0.072000,0.075000,s
32-reg,fibonacci,92,n,preprocess,2.530000,2.607000,2.742000,s
32-reg,fibonacci,92,n,prove,0.655000,0.665000,0.671000,s
32-reg,fibonacci,92,n,verify,0.048000,0.050000,0.053000,s
32-reg,fibonacci,94,n,decode,0.224000,0.230000,0.234000,s
32-reg,fibonacci,94,n,trace,0.072000,0.073000,0.074000,s
32-reg,fibonacci,94,n,preprocess,2.594000,2.692000,2.835000,s
32-reg,fibonacci,94,n,prove,0.659000,0.665000,0.674000,s
32-reg,fibonacci,94,n,verify,0.048000,0.051000,0.053000,s
32-reg,fibonacci,96,n,decode,0.221000,0.227000,0.229000,s
32-reg,fibonacci,96,n,trace,0.071000,0.072000,0.074000,s
32-reg,fibonacci,96,n,preprocess,2.566000,2.621000,2.722000,s
32-reg,fibonacci,96,n,prove,0.659000,0.667000,0.677000,s
32-reg,fibonacci,96,n,verify,0.049000,0.050000,0.053000,s
32-reg,fibonacci,98,n,decode,0.219000,0.222000,0.237000,s
32-reg,fibonacci,98,n,trace,0.071000,0.072000,0.074000,s
32-reg,fibonacci,98,n,preprocess,2.530000,2.568000,2.673000,s
32-reg,fibonacci,98,n,prove,0.656000,0.663000,0.668000,s
32-reg,fibonacci,98,n,verify,0.049000,0.049000,0.052000,s
32-reg,fibonacci,100,n,decode,0.218000,0.223000,0.227000,s
32-reg,fibonacci,100,n,trace,0.071000,0.072000,0.073000,s
32-reg,fibonacci,100,n,preprocess,2.505000,2.570000,2.740000,s
32-reg,fibonacci,100,n,prove,0.662000,0.664000,0.684000,s
32-reg,fibonacci,100,n,verify,0.049000,0.051000,0.052000,s
32-reg,fibonacci,105,n,decode,0.221000,0.225000,0.232000,s
32-reg,fibonacci,105,n,trace,0.060000,0.072000,0.073000,s
32-reg,fibonacci,105,n,preprocess,2.568000,2.612000,2.712000,s
32-reg,fibonacci,105,n,prove,0.658000,0.667000,0.674000,s
32-reg,fibonacci,105,n,verify,0.048000,0.049000,0.051000,s
32-reg,fibonacci,110,n,decode,0.220000,0.227000,0.228000,s
32-reg,fibonacci,110,n,trace,0.071000,0.073000,0.073000,s
32-reg,fibonacci,110,n,preprocess,2.549000,2.607000,2.751000,s
32-reg,fibonacci,110,n,prove,0.663000,0.666000,0.672000,s
32-reg,fibonacci,110,n,verify,0.048000,0.050000,0.053000,s
32-reg,fibonacci,115,n,decode,0.222000,0.227000,0.232000,s
32-reg,fibonacci,115,n,trace,0.071000,0.073000,0.074000,s
32-reg,fibonacci,115,n,preprocess,2.530000,2.673000,2.723000,s
32-reg,fibonacci,115,n,prove,0.666000,0.668000,0.672000,s
32-reg,fibonacci,115,n,verify,0.049000,0.050000,0.051000,s
32-reg,fibonacci,120,n,decode,0.218000,0.221000,0.227000,s
32-reg,fibonacci,120,n,trace,0.071000,0.072000,0.073000,s
32-reg,fibonacci,120,n,preprocess,2.502000,2.566000,2.733000,s
32-reg,fibonacci,120,n,prove,0.661000,0.666000,0.675000,s
32-reg,fibonacci,120,n,verify,0.049000,0.051000,0.052000,s
32-reg,fibonacci,125,n,decode,0.219000,0.227000,0.240000,s
32-reg,fibonacci,125,n,trace,0.071000,0.072000,0.074000,s
32-reg,fibonacci,125,n,preprocess,2.542000,2.614000,2.702000,s
32-reg,fibonacci,125,n,prove,0.659000,0.669000,0.677000,s
32-reg,fibonacci,125,n,verify,0.049000,0.050000,0.052000,s
32-reg,fibonacci,130,n,decode,0.221000,0.226000,0.229000,s
32-reg,fibonacci,130,n,trace,0.071000,0.072000,0.074000,s
32-reg,fibonacci,130,n,preprocess,2.549000,2.651000,2.757000,s
32-reg,fibonacci,130,n,prove,0.662000,0.669000,0.688000,s
32-reg,fibonacci,130,n,verify,0.049000,0.050000,0.052000,s
32-reg,fibonacci,135,n,decode,0.218000,0.222000,0.229000,s
32-reg,fibonacci,135,n,trace,0.071000,0.072000,0.074000,s
32-reg,fibonacci,135,n,preprocess,2.496000,2.587000,2.709000,s
32-reg,fibonacci,135,n,prove,0.664000,0.670000,0.687000,s
32-reg,fibonacci,135,n,verify,0.049000,0.051000,0.052000,s
32-reg,fibonacci,140,n,decode,0.219000,0.226000,0.232000,s
32-reg,fibonacci,140,n,trace,0.061000,0.073000,0.074000,s
32-reg,fibonacci,140,n,preprocess,2.543000,2.610000,2.781000,s
32-reg,fibonacci,140,n,prove,0.660000,0.667000,0.677000,s
32-reg,fibonacci,140,n,verify,0.049000,0.050000,0.051000,s
32-reg,fibonacci,145,n,decode,0.217000,0.223000,0.229000,s
32-reg,fibonacci,145,n,trace,0.060000,0.072000,0.073000,s
32-reg,fibonacci,145,n,preprocess,2.536000,2.649000,2.755000,s
32-reg,fibonacci,145,n,prove,0.665000,0.670000,0.686000,s
32-reg,fibonacci,145,n,verify,0.049000,0.051000,0.053000,s
32-reg,fibonacci,150,n,decode,0.222000,0.228000,0.245000,s
32-reg,fibonacci,150,n,trace,0.062000,0.073000,0.074000,s
32-reg,fibonacci,150,n,preprocess,2.616000,2.660000,2.723000,s
32-reg,fibonacci,150,n,prove,0.702000,0.705000,0.718000,s
32-reg,fibonacci,150,n,verify,0.049000,0.051000,0.053000,s
32-reg,fibonacci,155,n,decode,0.226000,0.228000,0.233000,s
32-reg,fibonacci,155,n,trace,0.072000,0.073000,0.074000,s
32-reg,fibonacci,155,n,preprocess,2.632000,2.647000,2.829000,s
32-reg,fibonacci,155,n,prove,0.699000,0.708000,0.718000,s
32-reg,fibonacci,155,n,verify,0.049000,0.051000,0.054000,s
32-reg,fibonacci,160,n,decode,0.224000,0.231000,0.234000,s
32-reg,fibonacci,160,n,trace,0.062000,0.073000,0.074000,s
32-reg,fibonacci,160,n,preprocess,2.636000,2.686000,2.785000,s
32-reg,fibonacci,160,n,prove,0.707000,0.710000,0.720000,s
32-reg,fibonacci,160,n,verify,0.049000,0.051000,0.053000,s
32-reg,fibonacci,165,n,decode,0.225000,0.230000,0.236000,s
32-reg,fibonacci,165,n,trace,0.072000,0.073000,0.075000,s
32-reg,fibonacci,165,n,preprocess,2.634000,2.698000,2.852000,s
32-reg,fibonacci,165,n,prove,0.707000,0.713000,0.718000,s
32-reg,fibonacci,165,n,verify,0.049000,0.051000,0.053000,s
32-reg,fibonacci,170,n,decode,0.223000,0.229000,0.232000,s
32-reg,fibonacci,170,n,trace,0.071000,0.073000,0.074000,s
32-reg,fibonacci,170,n,preprocess,2.582000,2.656000,2.793000,s
32-reg,fibonacci,170,n,prove,0.705000,0.711000,0.720000,s
32-reg,fibonacci,170,n,verify,0.049000,0.051000,0.052000,s
32-reg,fibonacci,175,n,decode,0.229000,0.231000,0.234000,s
32-reg,fibonacci,175,n,trace,0.072000,0.073000,0.075000,s
32-reg,fibonacci,175,n,preprocess,2.629000,2.703000,2.803000,s
32-reg,fibonacci,175,n,prove,0.707000,0.716000,0.720000,s
32-reg,fibonacci,175,n,verify,0.049000,0.051000,0.053000,s
32-reg,fibonacci,180,n,decode,0.227000,0.229000,0.249000,s
32-reg,fibonacci,180,n,trace,0.062000,0.073000,0.075000,s
32-reg,fibonacci,180,n,preprocess,2.639000,2.666000,2.759000,s
32-reg,fibonacci,180,n,prove,0.710000,0.714000,0.723000,s
32-reg,fibonacci,180,n,verify,0.050000,0.051000,0.052000,s
32-reg,fibonacci,185,n,decode,0.224000,0.231000,0.237000,s
32-reg,fibonacci,185,n,trace,0.072000,0.074000,0.075000,s
32-reg,fibonacci,185,n,preprocess,2.647000,2.674000,2.792000,s
32-reg,fibonacci,185,n,prove,0.711000,0.717000,0.724000,s
32-reg,fibonacci,185,n,verify,0.049000,0.051000,0.054000,s
32-reg,fibonacci,190,n,decode,0.226000,0.230000,0.236000,s
32-reg,fibonacci,190,n,trace,0.073000,0.074000,0.074000,s
32-reg,fibonacci,190,n,preprocess,2.633000,2.725000,2.795000,s
32-reg,fibonacci,190,n,prove,0.707000,0.716000,0.722000,s
32-reg,fibonacci,190,n,verify,0.048000,0.051000,0.052000,s
32-reg,fibonacci,195,n,decode,0.226000,0.232000,0.237000,s
32-reg,fibonacci,195,n,trace,0.073000,0.073000,0.074000,s
32-reg,fibonacci,195,n,preprocess,2.663000,2.716000,2.781000,s
32-reg,fibonacci,195,n,prove,0.712000,0.717000,0.722000,s
32-reg,fibonacci,195,n,verify,0.049000,0.051000,0.053000,s
32-reg,fibonacci,200,n,decode,0.227000,0.230000,0.233000,s
32-reg,fibonacci,200,n,trace,0.072000,0.073000,0.074000,s
32-reg,fibonacci,200,n,preprocess,2.639000,2.672000,2.725000,s
32-reg,fibonacci,200,n,prove,0.708000,0.716000,0.725000,s
32-reg,fibonacci,200,n,verify,0.050000,0.051000,0.054000,s
32-reg,fibonacci,210,n,decode,0.224000,0.230000,0.245000,s
32-reg,fibonacci,210,n,trace,0.072000,0.073000,0.075000,s
32-reg,fibonacci,210,n,preprocess,2.607000,2.654000,2.684000,s
32-reg,fibonacci,210,n,prove,0.709000,0.716000,0.725000,s
32-reg,fibonacci,210,n,verify,0.050000,0.051000,0.053000,s
32-reg,fibonacci,220,n,decode,0.225000,0.230000,0.235000,s
32-reg,fibonacci,220,n,trace,0.062000,0.073000,0.074000,s
32-reg,fibonacci,220,n,preprocess,2.588000,2.663000,2.742000,s
32-reg,fibonacci,220,n,prove,0.708000,0.719000,0.727000,s
32-reg,fibonacci,220,n,verify,0.049000,0.051000,0.054000,s
32-reg,fibonacci,230,n,decode,0.225000,0.228000,0.236000,s
32-reg,fibonacci,230,n,trace,0.072000,0.073000,0.075000,s
32-reg,fibonacci,230,n,preprocess,2.617000,2.651000,2.763000,s
32-reg,fibonacci,230,n,prove,0.710000,0.718000,0.732000,s
32-reg,fibonacci,230,n,verify,0.047000,0.051000,0.053000,s
32-reg,fibonacci,240,n,decode,0.225000,0.230000,0.235000,s
32-reg,fibonacci,240,n,trace,0.072000,0.073000,0.075000,s
32-reg,fibonacci,240,n,preprocess,2.638000,2.682000,2.747000,s
32-reg,fibonacci,240,n,prove,0.710000,0.720000,0.729000,s
32-reg,fibonacci,240,n,verify,0.049000,0.051000,0.052000,s
32-reg,fibonacci,250,n,decode,0.225000,0.229000,0.235000,s
32-reg,fibonacci,250,n,trace,0.072000,0.073000,0.074000,s
32-reg,fibonacci,250,n,preprocess,2.655000,2.680000,2.730000,s
32-reg,fibonacci,250,n,prove,0.716000,0.727000,0.731000,s
32-reg,fibonacci,250,n,verify,0.050000,0.051000,0.053000,s
32-reg,fibonacci,500,n,decode,0.223000,0.229000,0.236000,s
32-reg,fibonacci,500,n,trace,0.074000,0.074000,0.076000,s
32-reg,fibonacci,500,n,preprocess,2.638000,2.663000,2.744000,s
32-reg,fibonacci,500,n,prove,0.794000,0.822000,0.837000,s
32-reg,fibonacci,500,n,verify,0.050000,0.052000,0.053000,s
32-reg,fibonacci,750,n,decode,0.227000,0.231000,0.244000,s
32-reg,fibonacci,750,n,trace,0.075000,0.076000,0.076000,s
32-reg,fibonacci,750,n,preprocess,2.603000,2.664000,2.752000,s
32-reg,fibonacci,750,n,prove,0.942000,0.964000,0.978000,s
32-reg,fibonacci,750,n,verify,0.051000,0.051000,0.055000,s
32-reg,fibonacci,1000,n,decode,0.226000,0.229000,0.234000,s
32-reg,fibonacci,1000,n,trace,0.074000,0.075000,0.079000,s
32-reg,fibonacci,1000,n,preprocess,2.630000,2.653000,2.783000,s
32-reg,fibonacci,1000,n,prove,0.963000,1.000000,1.013000,s
32-reg,fibonacci,1000,n,verify,0.050000,0.052000,0.052000,s
32-reg,fibonacci,2000,n,decode,0.224000,0.230000,0.234000,s
32-reg,fibonacci,2000,n,trace,0.077000,0.079000,0.080000,s
32-reg,fibonacci,2000,n,preprocess,2.572000,2.626000,2.671000,s
32-reg,fibonacci,2000,n,prove,1.285000,1.303000,1.342000,s
32-reg,fibonacci,2000,n,verify,0.050000,0.052000,0.052000,s
32-reg,fibonacci,3000,n,decode,0.225000,0.227000,0.233000,s
32-reg,fibonacci,3000,n,trace,0.083000,0.085000,0.086000,s
32-reg,fibonacci,3000,n,preprocess,2.538000,2.612000,2.665000,s
32-reg,fibonacci,3000,n,prove,1.786000,1.804000,1.823000,s
32-reg,fibonacci,3000,n,verify,0.056000,0.060000,0.061000,s
32-reg,fibonacci,4000,n,decode,0.220000,0.227000,0.242000,s
32-reg,fibonacci,4000,n,trace,0.083000,0.084000,0.086000,s
32-reg,fibonacci,4000,n,preprocess,2.577000,2.621000,2.741000,s
32-reg,fibonacci,4000,n,prove,1.879000,1.894000,1.916000,s
32-reg,fibonacci,4000,n,verify,0.051000,0.052000,0.054000,s
32-reg,fibonacci,5000,n,decode,0.222000,0.225000,0.233000,s
32-reg,fibonacci,5000,n,trace,0.085000,0.088000,0.090000,s
32-reg,fibonacci,5000,n,preprocess,2.542000,2.602000,2.749000,s
32-reg,fibonacci,5000,n,prove,1.987000,1.997000,2.025000,s
32-reg,fibonacci,5000,n,verify,0.051000,0.052000,0.055000,s
32-reg,fibonacci,6000,n,decode,0.221000,0.225000,0.230000,s
32-reg,fibonacci,6000,n,trace,0.092000,0.092000,0.095000,s
32-reg,fibonacci,6000,n,preprocess,2.489000,2.559000,2.662000,s
32-reg,fibonacci,6000,n,prove,2.999000,3.030000,3.073000,s
32-reg,fibonacci,6000,n,verify,0.056000,0.059000,0.068000,s
32-reg,fibonacci,7000,n,decode,0.213000,0.222000,0.299000,s
32-reg,fibonacci,7000,n,trace,0.095000,0.095000,0.096000,s
32-reg,fibonacci,7000,n,preprocess,2.443000,2.539000,2.672000,s
32-reg,fibonacci,7000,n,prove,3.068000,3.107000,3.153000,s
32-reg,fibonacci,7000,n,verify,0.056000,0.059000,0.061000,s
32-reg,fibonacci,8000,n,decode,0.218000,0.224000,0.237000,s
32-reg,fibonacci,8000,n,trace,0.096000,0.098000,0.100000,s
32-reg,fibonacci,8000,n,preprocess,2.516000,2.584000,2.786000,s
32-reg,fibonacci,8000,n,prove,3.116000,3.133000,3.202000,s
32-reg,fibonacci,8000,n,verify,0.051000,0.057000,0.061000,s
32-reg,fibonacci,9000,n,decode,0.216000,0.222000,0.226000,s
32-reg,fibonacci,9000,n,trace,0.100000,0.101000,0.102000,s
32-reg,fibonacci,9000,n,preprocess,2.509000,2.560000,2.705000,s
32-reg,fibonacci,9000,n,prove,3.191000,3.219000,3.234000,s
32-reg,fibonacci,9000,n,verify,0.052000,0.059000,0.061000,s
32-reg,fibonacci,10000,n,decode,0.221000,0.225000,0.229000,s
32-reg,fibonacci,10000,n,trace,0.101000,0.103000,0.105000,s
32-reg,fibonacci,10000,n,preprocess,2.540000,2.623000,2.700000,s
32-reg,fibonacci,10000,n,prove,3.281000,3.365000,3.401000,s
32-reg,fibonacci,10000,n,verify,0.051000,0.061000,0.062000,s
32-reg,fibonacci,12500,n,decode,0.223000,0.227000,0.229000,s
32-reg,fibonacci,12500,n,trace,0.113000,0.115000,0.117000,s
32-reg,fibonacci,12500,n,preprocess,2.536000,2.582000,2.688000,s
32-reg,fibonacci,12500,n,prove,5.343000,5.479000,5.790000,s
32-reg,fibonacci,12500,n,verify,0.069000,0.075000,0.079000,s
32-reg,fibonacci,15000,n,decode,0.226000,0.230000,0.242000,s
32-reg,fibonacci,15000,n,trace,0.138000,0.141000,0.144000,s
32-reg,fibonacci,15000,n,preprocess,2.541000,2.602000,2.702000,s
32-reg,fibonacci,15000,n,prove,5.484000,5.628000,5.686000,s
32-reg,fibonacci,15000,n,verify,0.075000,0.077000,0.081000,s
32-reg,fibonacci,17500,n,decode,0.223000,0.227000,0.234000,s
32-reg,fibonacci,17500,n,trace,0.139000,0.153000,0.156000,s
32-reg,fibonacci,17500,n,preprocess,2.544000,2.585000,2.703000,s
32-reg,fibonacci,17500,n,prove,5.625000,5.708000,5.783000,s
32-reg,fibonacci,17500,n,verify,0.073000,0.078000,0.081000,s
32-reg,fibonacci,20000,n,decode,0.224000,0.227000,0.233000,s
32-reg,fibonacci,20000,n,trace,0.159000,0.161000,0.164000,s
32-reg,fibonacci,20000,n,preprocess,2.536000,2.601000,2.704000,s
32-reg,fibonacci,20000,n,prove,5.840000,5.896000,5.953000,s
32-reg,fibonacci,20000,n,verify,0.074000,0.077000,0.079000,s
32-reg,fibonacci,25000,n,decode,0.223000,0.228000,0.241000,s
32-reg,fibonacci,25000,n,trace,0.205000,0.207000,0.210000,s
32-reg,fibonacci,25000,n,preprocess,2.507000,2.547000,2.627000,s
32-reg,fibonacci,25000,n,prove,10.390000,10.496000,10.791000,s
32-reg,fibonacci,25000,n,verify,0.094000,0.099000,0.107000,s
32-reg,sha2_chain,1,cycles,decode,0.193000,0.197000,0.204000,s
32-reg,sha2_chain,1,cycles,trace,0.059000,0.060000,0.066000,s
32-reg,sha2_chain,1,cycles,preprocess,2.105000,2.152000,2.282000,s
32-reg,sha2_chain,1,cycles,prove,1.285000,1.303000,1.324000,s
32-reg,sha2_chain,1,cycles,verify,0.056000,0.058000,0.061000,s
32-reg,sha2_chain,2,cycles,decode,0.195000,0.197000,0.198000,s
32-reg,sha2_chain,2,cycles,trace,0.062000,0.063000,0.064000,s
32-reg,sha2_chain,2,cycles,preprocess,2.132000,2.154000,2.316000,s
32-reg,sha2_chain,2,cycles,prove,1.481000,1.492000,1.504000,s
32-reg,sha2_chain,2,cycles,verify,0.056000,0.061000,0.068000,s
32-reg,sha2_chain,3,cycles,decode,0.195000,0.197000,0.198000,s
32-reg,sha2_chain,3,cycles,trace,0.066000,0.067000,0.071000,s
32-reg,sha2_chain,3,cycles,preprocess,2.133000,2.168000,2.282000,s
32-reg,sha2_chain,3,cycles,prove,2.074000,2.089000,2.102000,s
32-reg,sha2_chain,3,cycles,verify,0.057000,0.062000,0.072000,s
32-reg,sha2_chain,4,cycles,decode,0.196000,0.198000,0.207000,s
32-reg,sha2_chain,4,cycles,trace,0.065000,0.071000,0.072000,s
32-reg,sha2_chain,4,cycles,preprocess,2.126000,2.147000,2.195000,s
32-reg,sha2_chain,4,cycles,prove,2.277000,2.290000,2.304000,s
32-reg,sha2_chain,4,cycles,verify,0.058000,0.061000,0.067000,s
32-reg,sha2_chain,5,cycles,decode,0.195000,0.197000,0.198000,s
32-reg,sha2_chain,5,cycles,trace,0.075000,0.080000,0.082000,s
32-reg,sha2_chain,5,cycles,preprocess,2.135000,2.146000,2.202000,s
32-reg,sha2_chain,5,cycles,prove,3.338000,3.350000,3.387000,s
32-reg,sha2_chain,5,cycles,verify,0.064000,0.070000,0.080000,s
32-reg,sha2_chain,6,cycles,decode,0.196000,0.198000,0.200000,s
32-reg,sha2_chain,6,cycles,trace,0.083000,0.084000,0.101000,s
32-reg,sha2_chain,6,cycles,preprocess,2.131000,2.146000,2.229000,s
32-reg,sha2_chain,6,cycles,prove,3.518000,3.550000,3.586000,s
32-reg,sha2_chain,6,cycles,verify,0.068000,0.077000,0.081000,s
32-reg,sha2_chain,7,cycles,decode,0.194000,0.195000,0.199000,s
32-reg,sha2_chain,7,cycles,trace,0.040000,0.079000,0.096000,s
32-reg,sha2_chain,7,cycles,preprocess,2.104000,2.139000,2.160000,s
32-reg,sha2_chain,7,cycles,prove,3.605000,3.749000,3.783000,s
32-reg,sha2_chain,7,cycles,verify,0.057000,0.066000,0.079000,s
32-reg,sha2_chain,8,cycles,decode,0.194000,0.197000,0.211000,s
32-reg,sha2_chain,8,cycles,trace,0.083000,0.093000,0.112000,s
32-reg,sha2_chain,8,cycles,preprocess,2.124000,2.138000,2.261000,s
32-reg,sha2_chain,8,cycles,prove,3.920000,3.943000,3.992000,s
32-reg,sha2_chain,8,cycles,verify,0.064000,0.070000,0.079000,s
32-reg,sha2_chain,9,cycles,decode,0.196000,0.196000,0.200000,s
32-reg,sha2_chain,9,cycles,trace,0.095000,0.112000,0.121000,s
32-reg,sha2_chain,9,cycles,preprocess,2.124000,2.141000,2.204000,s
32-reg,sha2_chain,9,cycles,prove,5.869000,5.949000,6.055000,s
32-reg,sha2_chain,9,cycles,verify,0.072000,0.085000,0.091000,s
32-reg,sha2_chain,10,cycles,decode,0.195000,0.197000,0.199000,s
32-reg,sha2_chain,10,cycles,trace,0.100000,0.111000,0.123000,s
32-reg,sha2_chain,10,cycles,preprocess,2.125000,2.149000,2.256000,s
32-reg,sha2_chain,10,cycles,prove,6.071000,6.195000,6.248000,s
32-reg,sha2_chain,10,cycles,verify,0.068000,0.082000,0.088000,s
32-reg,sha2_chain,11,cycles,decode,0.196000,0.198000,0.213000,s
32-reg,sha2_chain,11,cycles,trace,0.105000,0.115000,0.123000,s
32-reg,sha2_chain,11,cycles,preprocess,2.118000,2.145000,2.265000,s
32-reg,sha2_chain,11,cycles,prove,6.204000,6.263000,6.362000,s
32-reg,sha2_chain,11,cycles,verify,0.073000,0.082000,0.085000,s
32-reg,sha2_chain,12,cycles,decode,0.196000,0.198000,0.200000,s
32-reg,sha2_chain,12,cycles,trace,0.108000,0.120000,0.141000,s
32-reg,sha2_chain,12,cycles,preprocess,2.127000,2.132000,2.196000,s
32-reg,sha2_chain,12,cycles,prove,6.451000,6.507000,6.553000,s
32-reg,sha2_chain,12,cycles,verify,0.070000,0.083000,0.084000,s
32-reg,sha2_chain,13,cycles,decode,0.197000,0.198000,0.200000,s
32-reg,sha2_chain,13,cycles,trace,0.111000,0.124000,0.165000,s
32-reg,sha2_chain,13,cycles,preprocess,2.124000,2.160000,2.263000,s
32-reg,sha2_chain,13,cycles,prove,6.589000,6.635000,6.740000,s
32-reg,sha2_chain,13,cycles,verify,0.070000,0.080000,0.088000,s
32-reg,sha2_chain,14,cycles,decode,0.195000,0.199000,0.210000,s
32-reg,sha2_chain,14,cycles,trace,0.116000,0.147000,0.157000,s
32-reg,sha2_chain,14,cycles,preprocess,2.121000,2.145000,2.255000,s
32-reg,sha2_chain,14,cycles,prove,6.801000,6.856000,6.935000,s
32-reg,sha2_chain,14,cycles,verify,0.068000,0.081000,0.090000,s
32-reg,sha2_chain,15,cycles,decode,0.195000,0.197000,0.202000,s
32-reg,sha2_chain,15,cycles,trace,0.141000,0.153000,0.157000,s
32-reg,sha2_chain,15,cycles,preprocess,2.121000,2.202000,2.273000,s
32-reg,sha2_chain,15,cycles,prove,6.953000,7.032000,7.088000,s
32-reg,sha2_chain,15,cycles,verify,0.072000,0.083000,0.088000,s
32-reg,sha2_chain,16,cycles,decode,0.196000,0.197000,0.212000,s
32-reg,sha2_chain,16,cycles,trace,0.144000,0.160000,0.162000,s
32-reg,sha2_chain,16,cycles,preprocess,2.129000,2.163000,2.203000,s
32-reg,sha2_chain,16,cycles,prove,7.156000,7.206000,7.298000,s
32-reg,sha2_chain,16,cycles,verify,0.072000,0.084000,0.087000,s
32-reg,sha2_chain,17,cycles,decode,0.196000,0.197000,0.206000,s
32-reg,sha2_chain,17,cycles,trace,0.123000,0.150000,0.162000,s
32-reg,sha2_chain,17,cycles,preprocess,2.115000,2.135000,2.241000,s
32-reg,sha2_chain,17,cycles,prove,7.392000,7.452000,7.519000,s
32-reg,sha2_chain,17,cycles,verify,0.070000,0.082000,0.083000,s
32-reg,sha2_chain,18,cycles,decode,0.196000,0.198000,0.209000,s
32-reg,sha2_chain,18,cycles,trace,0.085000,0.108000,0.196000,s
32-reg,sha2_chain,18,cycles,preprocess,2.122000,2.165000,2.247000,s
32-reg,sha2_chain,18,cycles,prove,10.874000,11.657000,12.241000,s
32-reg,sha2_chain,18,cycles,verify,0.059000,0.066000,0.109000,s
32-reg,sha2_chain,19,cycles,decode,0.195000,0.196000,0.199000,s
32-reg,sha2_chain,19,cycles,trace,0.095000,0.097000,0.103000,s
32-reg,sha2_chain,19,cycles,preprocess,2.109000,2.131000,2.177000,s
32-reg,sha2_chain,19,cycles,prove,11.104000,11.278000,11.567000,s
32-reg,sha2_chain,19,cycles,verify,0.059000,0.062000,0.072000,s
32-reg,sha2_chain,20,cycles,decode,0.196000,0.198000,0.212000,s
32-reg,sha2_chain,20,cycles,trace,0.091000,0.094000,0.105000,s
32-reg,sha2_chain,20,cycles,preprocess,2.105000,2.114000,2.275000,s
32-reg,sha2_chain,20,cycles,prove,11.183000,11.258000,11.322000,s
32-reg,sha2_chain,20,cycles,verify,0.059000,0.061000,0.069000,s
32-reg,sha2_chain,21,cycles,decode,0.196000,0.197000,0.199000,s
32-reg,sha2_chain,21,cycles,trace,0.095000,0.096000,0.104000,s
32-reg,sha2_chain,21,cycles,preprocess,2.080000,2.134000,2.250000,s
32-reg,sha2_chain,21,cycles,prove,11.389000,11.492000,11.689000,s
32-reg,sha2_chain,21,cycles,verify,0.058000,0.063000,0.068000,s
32-reg,sha2_chain,22,cycles,decode,0.197000,0.198000,0.211000,s
32-reg,sha2_chain,22,cycles,trace,0.100000,0.108000,0.120000,s
32-reg,sha2_chain,22,cycles,preprocess,2.109000,2.116000,2.266000,s
32-reg,sha2_chain,22,cycles,prove,11.596000,11.654000,11.790000,s
32-reg,sha2_chain,22,cycles,verify,0.060000,0.066000,0.069000,s
32-reg,sha2_chain,23,cycles,decode,0.195000,0.196000,0.199000,s
32-reg,sha2_chain,23,cycles,trace,0.102000,0.108000,0.114000,s
32-reg,sha2_chain,23,cycles,preprocess,2.107000,2.128000,2.238000,s
32-reg,sha2_chain,23,cycles,prove,11.824000,11.874000,11.955000,s
32-reg,sha2_chain,23,cycles,verify,0.060000,0.065000,0.067000,s
32-reg,sha2_chain,24,cycles,decode,0.195000,0.197000,0.225000,s
32-reg,sha2_chain,24,cycles,trace,0.110000,0.114000,0.115000,s
32-reg,sha2_chain,24,cycles,preprocess,2.103000,2.115000,2.173000,s
32-reg,sha2_chain,24,cycles,prove,12.022000,12.086000,12.180000,s
32-reg,sha2_chain,24,cycles,verify,0.058000,0.066000,0.067000,s
32-reg,sha2_chain,25,cycles,decode,0.195000,0.195000,0.197000,s
32-reg,sha2_chain,25,cycles,trace,0.115000,0.116000,0.127000,s
32-reg,sha2_chain,25,cycles,preprocess,2.087000,2.111000,2.213000,s
32-reg,sha2_chain,25,cycles,prove,12.146000,12.267000,12.426000,s
32-reg,sha2_chain,25,cycles,verify,0.063000,0.065000,0.067000,s
32-reg,sha2_chain,26,cycles,decode,0.196000,0.196000,0.209000,s
32-reg,sha2_chain,26,cycles,trace,0.120000,0.122000,0.137000,s
32-reg,sha2_chain,26,cycles,preprocess,2.102000,2.135000,2.237000,s
32-reg,sha2_chain,26,cycles,prove,12.424000,12.513000,12.582000,s
32-reg,sha2_chain,26,cycles,verify,0.059000,0.066000,0.076000,s
32-reg,sha2_chain,27,cycles,decode,0.193000,0.196000,0.208000,s
32-reg,sha2_chain,27,cycles,trace,0.122000,0.125000,0.134000,s
32-reg,sha2_chain,27,cycles,preprocess,2.082000,2.120000,2.280000,s
32-reg,sha2_chain,27,cycles,prove,12.564000,12.647000,12.764000,s
32-reg,sha2_chain,27,cycles,verify,0.063000,0.067000,0.080000,s
32-reg,sha2_chain,28,cycles,decode,0.195000,0.197000,0.201000,s
32-reg,sha2_chain,28,cycles,trace,0.126000,0.134000,0.144000,s
32-reg,sha2_chain,28,cycles,preprocess,2.104000,2.130000,2.274000,s
32-reg,sha2_chain,28,cycles,prove,12.728000,12.866000,12.954000,s
32-reg,sha2_chain,28,cycles,verify,0.066000,0.068000,0.070000,s
32-reg,sha2_chain,29,cycles,decode,0.195000,0.198000,0.210000,s
32-reg,sha2_chain,29,cycles,trace,0.129000,0.131000,0.144000,s
32-reg,sha2_chain,29,cycles,preprocess,2.104000,2.124000,2.237000,s
32-reg,sha2_chain,29,cycles,prove,13.028000,13.111000,13.227000,s
32-reg,sha2_chain,29,cycles,verify,0.057000,0.065000,0.070000,s
32-reg,sha2_chain,30,cycles,decode,0.195000,0.196000,0.210000,s
32-reg,sha2_chain,30,cycles,trace,0.133000,0.135000,0.147000,s
32-reg,sha2_chain,30,cycles,preprocess,2.103000,2.112000,2.146000,s
32-reg,sha2_chain,30,cycles,prove,13.145000,13.262000,13.368000,s
32-reg,sha2_chain,30,cycles,verify,0.060000,0.067000,0.070000,s
32-reg,sha2_chain,31,cycles,decode,0.195000,0.196000,0.198000,s
32-reg,sha2_chain,31,cycles,trace,0.134000,0.138000,0.158000,s
32-reg,sha2_chain,31,cycles,preprocess,2.104000,2.139000,2.240000,s
32-reg,sha2_chain,31,cycles,prove,13.384000,13.478000,13.586000,s
32-reg,sha2_chain,31,cycles,verify,0.058000,0.065000,0.072000,s
32-reg,sha2_chain,32,cycles,decode,0.193000,0.197000,0.208000,s
32-reg,sha2_chain,32,cycles,trace,0.139000,0.142000,0.160000,s
32-reg,sha2_chain,32,cycles,preprocess,2.107000,2.146000,2.309000,s
32-reg,sha2_chain,32,cycles,prove,13.617000,13.685000,13.761000,s
32-reg,sha2_chain,32,cycles,verify,0.063000,0.068000,0.084000,s
32-reg,sha2_chain,33,cycles,decode,0.195000,0.197000,0.200000,s
32-reg,sha2_chain,33,cycles,trace,0.143000,0.146000,0.159000,s
32-reg,sha2_chain,33,cycles,preprocess,2.106000,2.128000,2.237000,s
32-reg,sha2_chain,33,cycles,prove,13.826000,13.863000,14.064000,s
32-reg,sha2_chain,33,cycles,verify,0.059000,0.068000,0.073000,s
32-reg,sha2_chain,34,cycles,decode,0.195000,0.196000,0.213000,s
32-reg,sha2_chain,34,cycles,trace,0.144000,0.153000,0.161000,s
32-reg,sha2_chain,34,cycles,preprocess,2.113000,2.141000,2.265000,s
32-reg,sha2_chain,34,cycles,prove,13.960000,14.024000,14.083000,s
32-reg,sha2_chain,34,cycles,verify,0.058000,0.068000,0.072000,s
32-reg,sha2_chain,35,cycles,decode,0.195000,0.197000,0.207000,s
32-reg,sha2_chain,35,cycles,trace,0.150000,0.151000,0.164000,s
32-reg,sha2_chain,35,cycles,preprocess,2.082000,2.130000,2.233000,s
32-reg,sha2_chain,35,cycles,prove,14.161000,14.284000,14.419000,s
32-reg,sha2_chain,35,cycles,verify,0.059000,0.068000,0.080000,s
32-reg,sha2_chain,36,cycles,decode,0.194000,0.197000,0.210000,s
32-reg,sha2_chain,36,cycles,trace,0.153000,0.155000,0.168000,s
32-reg,sha2_chain,36,cycles,preprocess,2.104000,2.121000,2.238000,s
32-reg,sha2_chain,36,cycles,prove,14.422000,14.531000,14.659000,s
32-reg,sha2_chain,36,cycles,verify,0.059000,0.068000,0.071000,s
32-reg,sha2_chain,37,cycles,decode,0.197000,0.198000,0.217000,s
32-reg,sha2_chain,37,cycles,trace,0.165000,0.172000,0.186000,s
32-reg,sha2_chain,37,cycles,preprocess,2.113000,2.117000,2.173000,s
32-reg,sha2_chain,37,cycles,prove,22.574000,22.859000,23.571000,s
32-reg,sha2_chain,37,cycles,verify,0.063000,0.145000,0.160000,s
32-reg,sha2_chain,38,cycles,decode,0.196000,0.199000,0.269000,s
32-reg,sha2_chain,38,cycles,trace,0.169000,0.170000,0.199000,s
32-reg,sha2_chain,38,cycles,preprocess,2.111000,2.120000,2.246000,s
32-reg,sha2_chain,38,cycles,prove,21.940000,22.889000,23.148000,s
32-reg,sha2_chain,38,cycles,verify,0.075000,0.135000,0.149000,s
32-reg,sha2_chain,39,cycles,decode,0.195000,0.198000,0.203000,s
32-reg,sha2_chain,39,cycles,trace,0.172000,0.174000,0.193000,s
32-reg,sha2_chain,39,cycles,preprocess,2.110000,2.130000,2.249000,s
32-reg,sha2_chain,39,cycles,prove,22.592000,22.963000,23.159000,s
32-reg,sha2_chain,39,cycles,verify,0.115000,0.132000,0.146000,s
32-reg,sha2_chain,40,cycles,decode,0.196000,0.199000,0.207000,s
32-reg,sha2_chain,40,cycles,trace,0.173000,0.176000,0.206000,s
32-reg,sha2_chain,40,cycles,preprocess,2.109000,2.118000,2.242000,s
32-reg,sha2_chain,40,cycles,prove,22.813000,22.994000,23.482000,s
32-reg,sha2_chain,40,cycles,verify,0.120000,0.131000,0.142000,s
32-reg,sha2_chain,41,cycles,decode,0.195000,0.198000,0.200000,s
32-reg,sha2_chain,41,cycles,trace,0.180000,0.188000,0.209000,s
32-reg,sha2_chain,41,cycles,preprocess,2.111000,2.125000,2.262000,s
32-reg,sha2_chain,41,cycles,prove,22.963000,23.193000,23.326000,s
32-reg,sha2_chain,41,cycles,verify,0.129000,0.133000,0.138000,s
32-reg,sha2_chain,42,cycles,decode,0.196000,0.199000,0.200000,s
32-reg,sha2_chain,42,cycles,trace,0.183000,0.186000,0.206000,s
32-reg,sha2_chain,42,cycles,preprocess,2.109000,2.131000,2.180000,s
32-reg,sha2_chain,42,cycles,prove,22.345000,23.552000,23.958000,s
32-reg,sha2_chain,42,cycles,verify,0.062000,0.139000,0.143000,s
32-reg,sha2_chain,43,cycles,decode,0.198000,0.199000,0.201000,s
32-reg,sha2_chain,43,cycles,trace,0.185000,0.189000,0.202000,s
32-reg,sha2_chain,43,cycles,preprocess,2.110000,2.119000,2.178000,s
32-reg,sha2_chain,43,cycles,prove,23.548000,23.696000,23.839000,s
32-reg,sha2_chain,43,cycles,verify,0.118000,0.135000,0.142000,s
32-reg,sha2_chain,44,cycles,decode,0.197000,0.198000,0.204000,s
32-reg,sha2_chain,44,cycles,trace,0.186000,0.193000,0.205000,s
32-reg,sha2_chain,44,cycles,preprocess,2.110000,2.119000,2.250000,s
32-reg,sha2_chain,44,cycles,prove,23.623000,23.856000,24.131000,s
32-reg,sha2_chain,44,cycles,verify,0.120000,0.140000,0.145000,s
32-reg,sha2_chain,45,cycles,decode,0.196000,0.199000,0.223000,s
32-reg,sha2_chain,45,cycles,trace,0.197000,0.198000,0.212000,s
32-reg,sha2_chain,45,cycles,preprocess,2.111000,2.118000,2.206000,s
32-reg,sha2_chain,45,cycles,prove,23.297000,24.334000,24.672000,s
32-reg,sha2_chain,45,cycles,verify,0.061000,0.140000,0.151000,s
32-reg,sha2_chain,46,cycles,decode,0.195000,0.198000,0.200000,s
32-reg,sha2_chain,46,cycles,trace,0.198000,0.206000,0.223000,s
32-reg,sha2_chain,46,cycles,preprocess,2.109000,2.115000,2.235000,s
32-reg,sha2_chain,46,cycles,prove,24.304000,24.524000,24.909000,s
32-reg,sha2_chain,46,cycles,verify,0.130000,0.139000,0.153000,s
32-reg,sha2_chain,47,cycles,decode,0.196000,0.198000,0.212000,s
32-reg,sha2_chain,47,cycles,trace,0.202000,0.208000,0.221000,s
32-reg,sha2_chain,47,cycles,preprocess,2.114000,2.138000,2.247000,s
32-reg,sha2_chain,47,cycles,prove,24.866000,24.971000,25.167000,s
32-reg,sha2_chain,47,cycles,verify,0.139000,0.147000,0.151000,s
32-reg,sha2_chain,48,cycles,decode,0.197000,0.198000,0.211000,s
32-reg,sha2_chain,48,cycles,trace,0.203000,0.210000,0.222000,s
32-reg,sha2_chain,48,cycles,preprocess,2.112000,2.146000,2.178000,s
32-reg,sha2_chain,48,cycles,prove,24.949000,25.142000,25.369000,s
32-reg,sha2_chain,48,cycles,verify,0.125000,0.149000,0.164000,s
32-reg,sha2_chain,49,cycles,decode,0.196000,0.198000,0.210000,s
32-reg,sha2_chain,49,cycles,trace,0.207000,0.211000,0.233000,s
32-reg,sha2_chain,49,cycles,preprocess,2.112000,2.126000,2.180000,s
32-reg,sha2_chain,49,cycles,prove,25.133000,25.413000,25.708000,s
32-reg,sha2_chain,49,cycles,verify,0.140000,0.149000,0.158000,s
32-reg,sha2_chain,50,cycles,decode,0.196000,0.198000,0.208000,s
32-reg,sha2_chain,50,cycles,trace,0.209000,0.228000,0.248000,s
32-reg,sha2_chain,50,cycles,preprocess,2.110000,2.116000,2.273000,s
32-reg,sha2_chain,50,cycles,prove,25.262000,25.443000,25.861000,s
32-reg,sha2_chain,50,cycles,verify,0.138000,0.141000,0.147000,s
32-reg,sha2_chain,52,cycles,decode,0.196000,0.198000,0.309000,s
32-reg,sha2_chain,52,cycles,trace,0.218000,0.221000,0.250000,s
32-reg,sha2_chain,52,cycles,preprocess,2.110000,2.119000,2.243000,s
32-reg,sha2_chain,52,cycles,prove,25.649000,25.947000,26.276000,s
32-reg,sha2_chain,52,cycles,verify,0.132000,0.147000,0.154000,s
32-reg,sha2_chain,54,cycles,decode,0.196000,0.199000,0.210000,s
32-reg,sha2_chain,54,cycles,trace,0.225000,0.231000,0.250000,s
32-reg,sha2_chain,54,cycles,preprocess,2.111000,2.134000,2.244000,s
32-reg,sha2_chain,54,cycles,prove,26.083000,26.561000,26.804000,s
32-reg,sha2_chain,54,cycles,verify,0.137000,0.148000,0.160000,s
32-reg,sha2_chain,56,cycles,decode,0.196000,0.198000,0.211000,s
32-reg,sha2_chain,56,cycles,trace,0.235000,0.250000,0.268000,s
32-reg,sha2_chain,56,cycles,preprocess,2.115000,2.141000,2.264000,s
32-reg,sha2_chain,56,cycles,prove,26.695000,26.925000,27.436000,s
32-reg,sha2_chain,56,cycles,verify,0.133000,0.148000,0.172000,s
32-reg,sha2_chain,58,cycles,decode,0.194000,0.199000,0.211000,s
32-reg,sha2_chain,58,cycles,trace,0.239000,0.244000,0.264000,s
32-reg,sha2_chain,58,cycles,preprocess,2.111000,2.129000,2.253000,s
32-reg,sha2_chain,58,cycles,prove,27.049000,27.242000,27.404000,s
32-reg,sha2_chain,58,cycles,verify,0.131000,0.152000,0.164000,s
32-reg,sha2_chain,60,cycles,decode,0.196000,0.199000,0.212000,s
32-reg,sha2_chain,60,cycles,trace,0.245000,0.253000,0.270000,s
32-reg,sha2_chain,60,cycles,preprocess,2.111000,2.117000,2.281000,s
32-reg,sha2_chain,60,cycles,prove,26.494000,27.706000,28.194000,s
32-reg,sha2_chain,60,cycles,verify,0.061000,0.151000,0.185000,s
32-reg,sha2_chain,62,cycles,decode,0.195000,0.197000,0.211000,s
32-reg,sha2_chain,62,cycles,trace,0.252000,0.259000,0.287000,s
32-reg,sha2_chain,62,cycles,preprocess,2.110000,2.131000,2.182000,s
32-reg,sha2_chain,62,cycles,prove,26.761000,27.974000,28.490000,s
32-reg,sha2_chain,62,cycles,verify,0.061000,0.146000,0.179000,s
32-reg,sha2_chain,64,cycles,decode,0.196000,0.197000,0.212000,s
32-reg,sha2_chain,64,cycles,trace,0.258000,0.261000,0.282000,s
32-reg,sha2_chain,64,cycles,preprocess,2.111000,2.146000,2.240000,s
32-reg,sha2_chain,64,cycles,prove,27.483000,28.555000,28.745000,s
32-reg,sha2_chain,64,cycles,verify,0.140000,0.149000,0.160000,s
32-reg,sha2_chain,66,cycles,decode,0.197000,0.198000,0.209000,s
32-reg,sha2_chain,66,cycles,trace,0.264000,0.269000,0.292000,s
32-reg,sha2_chain,66,cycles,preprocess,2.111000,2.142000,2.241000,s
32-reg,sha2_chain,66,cycles,prove,28.544000,28.798000,28.974000,s
32-reg,sha2_chain,66,cycles,verify,0.128000,0.148000,0.160000,s
32-reg,sha2_chain,68,cycles,decode,0.197000,0.198000,0.210000,s
32-reg,sha2_chain,68,cycles,trace,0.274000,0.276000,0.296000,s
32-reg,sha2_chain,68,cycles,preprocess,2.109000,2.125000,2.245000,s
32-reg,sha2_chain,68,cycles,prove,28.162000,29.245000,29.448000,s
32-reg,sha2_chain,68,cycles,verify,0.059000,0.149000,0.154000,s
32-reg,sha2_chain,70,cycles,decode,0.195000,0.199000,0.210000,s
32-reg,sha2_chain,70,cycles,trace,0.279000,0.289000,0.330000,s
32-reg,sha2_chain,70,cycles,preprocess,2.110000,2.140000,2.179000,s
32-reg,sha2_chain,70,cycles,prove,28.245000,29.379000,30.101000,s
32-reg,sha2_chain,70,cycles,verify,0.061000,0.149000,0.157000,s
32-reg,sha2_chain,72,cycles,decode,0.197000,0.198000,0.211000,s
32-reg,sha2_chain,72,cycles,trace,0.293000,0.306000,0.332000,s
32-reg,sha2_chain,72,cycles,preprocess,2.111000,2.148000,2.247000,s
32-reg,sha2_chain,72,cycles,prove,29.969000,30.139000,30.802000,s
32-reg,sha2_chain,72,cycles,verify,0.150000,0.156000,0.171000,s
